,Feature,Importance
33,LOGARITMO_TEMPO ATÉ CIRURGIA_0-1,0.07835841295428597
0,IDADE,0.058649982379906485
34,LOGARITMO_TEMPO ATÉ CIRURGIA_1-2,0.03984591952598596
28,LOGARITMO_TEMPO TRAUMA/PORTA_0-1,0.02349873320422361
4,Alzheimer,0.02081272105049311
598,COMORBIDADES_NEGA,0.018409072713926337
40,CIRURGIA_DHS E,0.017884431506547237
744,INFECÇÃO FO_N,0.015521042964438932
9,IRC,0.015492112157000915
1374,sexo_M,0.015050009609159634
1,HAS,0.013707055942765656
2,DM,0.012420308249399846
1373,sexo_F,0.012266233598806802
29,LOGARITMO_TEMPO TRAUMA/PORTA_1-2,0.011738680906529296
35,LOGARITMO_TEMPO ATÉ CIRURGIA_2-3,0.010531237403594788
3,ICC,0.010366338421408293
55,CIRURGIA_PTQ D,0.010259382392086167
11,AVC,0.010202987995440276
945,prontuario_BOA EVOLUÇÃO AMBULATORIAL,0.010202427828518186
38,CIRURGIA_DHS D,0.010035494467986059
13,Doença Aterosclerótica do Coração ,0.009754480905207596
57,CIRURGIA_PTQ E,0.009723503435015005
371,COMORBIDADES_HAS/DM,0.009457855510402954
713,MÊS_mai.-22,0.007618907664721786
714,MÊS_mai.-23,0.007535432187492416
5,Tabagismo,0.0072774140177181545
17,Hipotireoidismo,0.006966441137006708
10,Hepatopatia,0.006900613065830182
708,MÊS_jun.-22,0.0065092543157156246
20,Limitação do Movimento,0.0062921181247402565
12,DPOC,0.006011211150330731
259,COMORBIDADES_HAS,0.005858872934131287
18,Depressão/Ansiedade,0.005808424828650278
21,Epilepsia ou Parkinson,0.0057732533393508615
735,MÊS_set.-20,0.005610851834375571
704,MÊS_jul.-23,0.005542131897434955
661,MÊS_JULHO,0.005479600234448415
696,MÊS_jan.-22,0.005453212271264032
30,LOGARITMO_TEMPO TRAUMA/PORTA_2-3,0.005367594258372486
730,MÊS_out.-20,0.005321782329060206
7,Dislipidemia,0.005304777375671994
1225,prontuario_RETORNO AMBULATORIAL OK,0.005270820292008548
958,prontuario_BOA EVOLUÇÃO AMBULATÓRIO,0.005185120302259553
674,MÊS_abr.-23,0.005089645010267108
707,MÊS_jun.-21,0.004863510383385241
702,MÊS_jul.-21,0.004682501328185908
6,Etilismo,0.0046759741647138245
14,Arritmia,0.00458826680966159
692,MÊS_fev.-24,0.004375581493620374
31,LOGARITMO_TEMPO TRAUMA/PORTA_3-4,0.0042665477577669714
685,MÊS_dez.-22,0.00426349704849504
720,MÊS_mar.-23,0.004182236492734317
672,MÊS_abr.-21,0.00415242453305338
684,MÊS_dez.-21,0.004054609815469679
721,MÊS_mar.-24,0.0038754322245445256
726,MÊS_nov.-22,0.003756815667591215
678,MÊS_ago.-21,0.003591118595414266
733,MÊS_out.-23,0.0035302904715071243
1378,queda propria altura_SIM,0.0034280531587377885
39,CIRURGIA_DHS D ,0.0034263810703582705
27,FAIXA_ETARIA_62+,0.003250417299535551
679,MÊS_ago.-22,0.0031271691531235503
689,MÊS_fev.-21,0.003122585186174924
662,MÊS_JUNHO,0.003110174922745689
671,MÊS_abr.-20,0.003104998256776117
688,MÊS_fev.-20,0.003074275116236127
717,MÊS_mar.-20,0.003071859164670908
683,MÊS_dez.-20,0.003057812187305986
536,COMORBIDADES_HAS/TABAGISMO,0.0028623160239441598
656,MÊS_DEZEMBRO,0.002801828660536415
664,MÊS_MAIO,0.002710346830042264
16,Tumor/Neoplasia/Meta,0.0026110731201828626
26,FAIXA_ETARIA_56-62,0.0025871980298750306
68,COMORBIDADES_ALZHEIMER,0.002578363651351281
716,MÊS_mar.-19,0.0025653024810428373
669,MÊS_SETEMBRO,0.00255727785332053
676,MÊS_ago.-19,0.0025198584599571416
737,MÊS_set.-22,0.0023711896966098515
8,Doenças Reumatológicas,0.002324280085187621
673,MÊS_abr.-22,0.0023213374427386527
670,MÊS_abr.-19,0.002311112563978363
715,MÊS_mai.-24,0.002287864398481527
719,MÊS_mar.-22,0.002273063894642347
288,COMORBIDADES_HAS/ALZHEIMER,0.0022601220505110305
668,MÊS_OUTUBRO,0.002243042272908098
703,MÊS_jul.-22,0.0022391252611505567
725,MÊS_nov.-21,0.002191743853212558
701,MÊS_jul.-20,0.0021525717583044625
687,MÊS_fev.-19,0.002144674960511898
659,MÊS_JANEIRO,0.0020791081701017986
732,MÊS_out.-22,0.00207746337825959
712,MÊS_mai.-21,0.0020751407149785937
710,MÊS_mai.-19,0.0019769131869535137
724,MÊS_nov.-20,0.001966993427807564
722,MÊS_nov.-18,0.0019524956323922207
472,COMORBIDADES_HAS/HIPOTIREOIDISMO,0.0019454559627989077
697,MÊS_jan.-23,0.0019451126310905972
706,MÊS_jun.-20,0.0019384499850182654
700,MÊS_jul.-19,0.0019137178906937986
693,MÊS_jan.-19,0.001888022447712176
22,"Doenças Oftalmológicas (Glaucoma, catarata)",0.001866839617458647
738,MÊS_set.-23,0.0018656851345888546
709,MÊS_jun.-23,0.0018041085929927628
677,MÊS_ago.-20,0.0018021371797380151
698,MÊS_jan.-24,0.0017940242767034778
19,Doenças do labirinto/ surdez,0.0017555944335358393
771,prontuario_01 SUSP 13/05 POR ITU,0.0017502963807624623
138,COMORBIDADES_DEMENCIA,0.001738736775329906
626,COMORBIDADES_SENILIDADE+HIPOTIREIDISMO,0.0017265561203415004
375,COMORBIDADES_HAS/DM/ALZHEIMER,0.0017077063890959614
681,MÊS_dez.-18,0.0016990640753179278
833,prontuario_01 SUSP ITU,0.0016926804458744884
654,MÊS_AGOSTO,0.0016907742403040231
694,MÊS_jan.-20,0.0016786598417780222
731,MÊS_out.-21,0.00164885262672202
352,COMORBIDADES_HAS/DEMENCIA,0.0016201325875647096
718,MÊS_mar.-21,0.001619221472541372
729,MÊS_out.-19,0.001597715493021384
243,COMORBIDADES_ETILISMO/ITU,0.0015715368479676704
186,COMORBIDADES_DM/HAS,0.0015708522250630255
1232,prontuario_RETORNO AMBULATÓRIO OK,0.0015615173806784283
310,COMORBIDADES_HAS/ARRITIMIA,0.0015469957436025313
657,MÊS_FEVEREIRO,0.0015105008792774535
1228,prontuario_RETORNO AMBULATORIO OK,0.0014873335875174886
686,MÊS_dez.-23,0.0014739311506151388
695,MÊS_jan.-21,0.0014661705772080953
690,MÊS_fev.-22,0.0014248023604498318
675,MÊS_abr.-24,0.0014048288387808069
938,prontuario_BOA EVOLUÇÃO,0.0013737816808469772
734,MÊS_set.-19,0.0013694839315906027
244,COMORBIDADES_ETILISMO/TABAGISMO,0.0013673370098525855
843,prontuario_01 SUSP ITU BOA EVOLUÇÃO,0.0012388516232105698
969,prontuario_BOA EVOLUÇÃO RETORNO AMBULATÓRIO OK,0.001237035917943182
666,MÊS_MARÇO,0.0012137202813570385
353,COMORBIDADES_HAS/DEMENCIA/DLP/HIPOTIREOIDISMO,0.0012092886536029758
947,prontuario_BOA EVOLUÇÃO AMBULATORIAL POERIORMENTE REINTERNOU DEVIDO BCP VINDO A FALECER SETEMBRO DE OUTRAS CAUSAS ,0.0011517919269665334
682,MÊS_dez.-19,0.0011506444876719386
728,MÊS_out.-18,0.0010921051151471693
784,prontuario_01 SUSP 19/05 DEVIDO FALTA SEMI/UTI,0.0010834587717441057
172,COMORBIDADES_DM,0.0010822737476281707
61,CIRURGIA_PTQE,0.0010820156871029038
283,COMORBIDADES_HAS+DM ,0.0010532324175234098
1011,prontuario_DEMOROU PARA OPERAR POIS HAVIA SUSPEITA DE FRATURA PATOLOGICA - NEOPLASIA- BOA EVOLUÇÃO NIO PÓS-OPERATÓRIO,0.001050924513036148
1349,prontuario_UMA SUSPENSÃO HAS BOA EVOLUÇÃO AMBUÇATORIAL,0.0010371522265488395
975,prontuario_BOA EVULÇÃO NO AMBULATÓRIO,0.0010112982880018586
966,prontuario_BOA EVOLUÇÃO RETORNO AMB OK,0.0010028325000829021
727,MÊS_nov.-23,0.0009977563970683123
1364,prontuario_VAGA ZERO BOA EVOLUÇAO AMBULATORIAL,0.000991263181306446
1170,prontuario_NÃO RETORNOU AMBULATÓRIO,0.0009827160685150595
723,MÊS_nov.-19,0.0009751269260273715
86,COMORBIDADES_ALZHEIMER/HAS,0.0009751014165423472
1340,"prontuario_UMA SUSPENSÃO EVACUAÇÃO SALA , BOA EVOLUÇÃO AMBULATORIAL ",0.0009414483815347333
402,COMORBIDADES_HAS/DM/DEPRESSÃO,0.0009371883825785977
492,COMORBIDADES_HAS/ICC/AVC/DM,0.0009242110224815803
705,MÊS_jun.-19,0.0009241801858727718
1226,prontuario_RETORNO AMBULATORIAL OK ,0.0009071907411402126
148,COMORBIDADES_DEMENCIA/HAS/ARRTMIA,0.0009022540550569392
1359,prontuario_UMA SUSPENSÃO PROBLEMA MATERIAL BOA EVOLUÇÃO AMBULATORIAL,0.0008969791760799053
36,LOGARITMO_TEMPO ATÉ CIRURGIA_3-4,0.000885126643982764
1200,prontuario_PACIENTE TOTALMENTE DEPENDENTE,0.0008776786038012597
419,COMORBIDADES_HAS/DM/HIPOTIREOIDISMO,0.0008692120368454367
739,ELETIVA_N,0.0008534726943776103
1233,prontuario_RETORNO AMBULATÓRIO OK FEZ ERISIPELA APÓS 60 DIAS,0.0008533962194720099
691,MÊS_fev.-23,0.0008523941023537398
89,COMORBIDADES_ALZHEIMER/HAS/DEPRESSÃO/OBESIDADE,0.0008466805831725677
490,COMORBIDADES_HAS/ICC/ALZHEIMER,0.0008389876375214526
1158,prontuario_NECESSITOU ESTRATIFICAÇÃO CARDIOLOGICA DEVIDO DOR PRECORDIAL,0.0008366217103006854
667,MÊS_NOVEMBRO,0.0008344748093112303
952,"prontuario_BOA EVOLUÇÃO AMBULATORIAL, TEVE UMA SUSPENSÃO DEVIDO USO DE CLOPIDOGREL",0.0008326990303048075
680,MÊS_ago.-23,0.000824768354824114
1202,prontuario_PALIOU NO PÓS-OPERATÓRIO DEVIDO MULTIP´LAS COMORBIDADES,0.0008190439613785876
763,prontuario_01 SUSP 09/03 DEVIDO ALTERAÇÃO ELETRO FEZ ECO,0.0008048858400674869
527,COMORBIDADES_HAS/PO DISSECÇÃO AORTA,0.0007965276377510104
279,COMORBIDADES_HAS+ HIPOTIREOIDISMO,0.0007730760427897645
874,prontuario_01 SUSPENSÃO POR EVACUAÇÃO EM SALA BOA EVOLUÇÃO AMBULATORIAL,0.000767258000656594
428,COMORBIDADES_HAS/DM/IAM/OBESIDADE/ICC,0.0007602863015014468
497,COMORBIDADES_HAS/ICC/ITU/HIPERCALEMIA,0.0007550101418624735
960,"prontuario_BOA EVOLUÇÃO DESCOBRIU TUMOR TÓRAX, DEMOROU PARA TER ALTA DEVIDO ISTO DEVERÁ RETORNAR DIA 18/02 PARA BRONCOSCOPIA 19/02",0.0007395733747441498
1320,prontuario_UMA SUSPENSAO POR AVANÇO DE HORARIOBOA EVOLUÇAO AMBULATORIAL,0.0007266894482256637
44,CIRURGIA_DHSD,0.0007228608744735097
757,prontuario_01 SUSP 02/09 AVANÇO HORÁRIO,0.0007030842381594711
389,COMORBIDADES_HAS/DM/AVCI,0.0006998164935332428
570,COMORBIDADES_ICC/HAS/REVASC MIOCARDIO,0.0006998122475346165
860,prontuario_01 SUSPENSÃO 19/09/2022,0.0006925491221434527
271,COMORBIDADES_HAS DM,0.0006909106211226042
1119,prontuario_FEZ USO MERONEM,0.0006884900862892947
60,CIRURGIA_PTQD,0.0006784121885535368
1251,prontuario_SUSPEITA NÃO CONFIRMADA COVID SOLICITADO TRANSFERENCIA TROCA MITRAL URGENTE,0.0006779023119120801
396,COMORBIDADES_HAS/DM/DEMENCIA,0.0006703078702837311
367,COMORBIDADES_HAS/DLP/HIPOTIREOIDISMO,0.0006669746730422888
189,COMORBIDADES_DM/HAS/ARRTMIA/PARKINSON,0.0006644491903677363
783,"prontuario_01 SUSP 17/11 POR HB 8,2 ",0.000660690119270225
71,COMORBIDADES_ALZHEIMER AVANÇADO,0.0006597585362889086
313,COMORBIDADES_HAS/ARRITMIA,0.0006596107014348847
1224,prontuario_RETORNO AMB OK,0.0006595067521396361
1241,"prontuario_RETORNOU DIA 14/06/2017 POIS CAIU REFRATURANDO MEMBRO NO LOCAL DA PRÓTESE, EM 19/06 RETIROU A PROTESE, EVOLUIU COM INFECÇÃO + MULTIPLAS LIMPEZAS CIRURGICAS + OBITO POR SEPSE.",0.0006579839513592327
582,COMORBIDADES_IRA/MARCAPASSO,0.0006483950571909544
847,"prontuario_01 SUSP POR ALTERAÇÃO CREATININA QUE MELHOROU APÓS HIDRATAÇÃO, OUTRA SUSPENSÃO FALTA ESCOPIA",0.0006480867054709759
268,COMORBIDADES_HAS CARDIOPATIA AVC 2023 COM SEQUELA MOTORA,0.0006431109918792363
15,Doenças Gastro-Intestinais (Diverticulite),0.0006410493586906756
751,prontuario_01 SISPENSAO POR EVACUAÇÃO EM SALA ,0.0006339546319718525
736,MÊS_set.-21,0.0006143296669834774
903,prontuario_06 PCR CENTRO DEPOIS SANGROU MUITO EVOLUINDO A ÓBITO,0.0006130379069647549
488,COMORBIDADES_HAS/ICC,0.0006083602752855812
740,ELETIVA_n,0.000599786397858744
865,prontuario_01 SUSPENSÃO CAIXA MOLHADA 17/06 OUTRA SUSPENSÃO 20/06 POR HAS,0.000599070540634068
853,prontuario_01 SUSP USO DE XARELTO/ UMA SUSP DIA 16/04 EVACUOU SALA ,0.0005956051526155637
846,prontuario_01 SUSP LEUCOCITURIA 08/05,0.0005884089454782086
469,COMORBIDADES_HAS/GOTA/IRC,0.0005861568804333577
1006,"prontuario_CLINICO LIBEROU, ANESTESISTA SUSPENDEU, IRC CRONICA, SÓ OPEROU 09 DIAS DEPOIS, BOA EVOLUÇÃO NO AMBULATÓRIO",0.0005858618772650311
1120,"prontuario_FEZ USO MERONEM 07 DIAS, BOA EVOLUÇÃO AMBULATORIAL",0.0005845705775310633
293,COMORBIDADES_HAS/ALZHEIMER/AVC,0.0005843788534932156
1173,"prontuario_NÃO RETORNOU AMBULATÓRIO, TENTADO CONTATO 44279627 SEM SUCESSO    ",0.0005830669656297193
501,COMORBIDADES_HAS/ICO/DPOC/ICC,0.0005738971735211899
1328,prontuario_UMA SUSPENSÃO AVANÇO DE HORÁRIO / BOA EVOLUÇÃO AMBULATORIAL ,0.0005715027803663655
1321,"prontuario_UMA SUSPENSAO, MOTIVO?? BOA EVOLUÇÃO AMBULATORIAL",0.0005694043128075518
1167,prontuario_NO TRANS OPERATORIO DESSATURAÇÃO SUPRA PCR IAM? TEP?,0.0005606360969931762
778,prontuario_01 SUSP 15/06 POR DIARREIA,0.000552806608908804
816,prontuario_01 SUSP EVACUAÇÃO SALA,0.0005508074593832544
328,COMORBIDADES_HAS/AVC,0.0005505430462914664
641,COMORBIDADES_TRANSPLANTE HEPÁTICO,0.0005454004076556953
877,"prontuario_01 SUSPENSÃO POR ITU, LEUCOCITÚRIA ASSINTOMÁTICA SEM ATB",0.0005434718839162075
45,CIRURGIA_DHSE,0.0005426440483215915
632,COMORBIDADES_SURDEZ/ALZHEIMER,0.0005365897518317286
247,COMORBIDADES_ETILISTA/TABAGISTA,0.0005347482782783568
638,COMORBIDADES_TABAGISMO/OBESIDADE,0.0005275088045546856
789,prontuario_01 SUSP 24/05 ITU APRESENTOU CRISE CONVULSIVA ANTES DE OPERAR EVOLUIU BCP/ITU  PALIOU,0.0005211787613997863
390,COMORBIDADES_HAS/DM/CARDIOMEGALIA,0.0005191559552247974
365,COMORBIDADES_HAS/DLP/DEPRESSÃO,0.0005188626083914064
223,COMORBIDADES_DPOC,0.0005184400926848291
320,COMORBIDADES_HAS/ARRTMIA/HIPOTIREOIDISMO,0.0005158490726207908
385,COMORBIDADES_HAS/DM/AVC DEFICIT 02 ANOS,0.0005141594152596859
1047,"prontuario_EVOLUIU COM LUXÇÃO, INTERNADA PARA REDUÇÃO INCRUENTA, EVOLUIU COM NOVA LUXAÇÃO TENDO QUE SER SUBMETIDA Á REVISAÕ COM TROCA COMPONENTE ACETABULAR, BOA EVOLUÇÃO AMBULATORIAL.",0.0005095528947547247
300,COMORBIDADES_HAS/ALZHEIMER/HIPOTIREOIDISMO/,0.0005091768994242239
150,COMORBIDADES_DEMENCIA/HAS/DLP/CATARATA/DEFICIT AUDITIBO,0.0005077645050749733
136,COMORBIDADES_CONVULSÃO/EPLEPSIA,0.0005069200244259864
281,COMORBIDADES_HAS+ARTRITE REUM,0.000504798951228022
920,prontuario_ATB PROLONGADO DEVIDO BCP,0.0005042281521843107
897,prontuario_02 SUSPENSÕES UMA POR FEBRE OUTRA POR APRESENTAR DSPNEIA APÓS FAZER A RAQUI ANESTESIA BOA EVOLUÇÃO AMBULATORIAL,0.0005040057315589985
1014,prontuario_DESSATUROU APÓS CHEGAR AO HOSPITAL FOI PARA UTI,0.0005031200119175361
41,CIRURGIA_DHS E ,0.0004994051147757874
363,COMORBIDADES_HAS/DLP/ARRTMIA/HIPOTIREOIDISMO,0.0004945543211535819
1239,prontuario_RETORNOU COM FRATURA PERIPROTETICA SENDO OPERADA 31/05/PTQ E BOA EVOLUÇÃO AMBULATORIAL,0.0004912803743392278
895,"prontuario_02 SUSPENSÓES - HORÁRIO AVANÇADO, QUEBRA JEJUM, FOI DE ALTA OM SNE SOB ORIENTAÇÃO FONO",0.0004847398192639877
479,COMORBIDADES_HAS/IAM,0.00048330768055360483
285,COMORBIDADES_HAS+HIPOTIREOIDISMO,0.00047947280308974064
931,prontuario_BOA EVOLUÇAO AMBILATORIAL / CHEGOU NO HOSPITAL COM TRAÇÃO,0.000478515260540993
1071,prontuario_FAZIA USO DE AAS + CLOPIDOGREL ESPEROU 03 DIAS CLOPIDOGREL PARA OPERAR,0.0004770273907727964
188,COMORBIDADES_DM/HAS/ALZHEIMER,0.00047368962904386665
978,prontuario_CASA DE REPOUSO,0.00046945992231108686
462,COMORBIDADES_HAS/EPILEPSIA ,0.0004675110588693583
211,COMORBIDADES_DM/HAS/TRANSPLANTADO RENAL,0.0004669713173768119
776,prontuario_01 SUSP 14/09 SEMI,0.0004612383377271751
182,COMORBIDADES_DM/DLP/ASMA,0.00045778819666868366
297,COMORBIDADES_HAS/ALZHEIMER/DEPRESSÃO,0.0004570323909337624
327,COMORBIDADES_HAS/ATROFIA RENAÇ,0.00044785601697127405
576,COMORBIDADES_ICoR/PO REVASC,0.0004475534429283622
1169,prontuario_NÃO RETORNOU AMBULATORIO,0.00044622602815604865
1279,prontuario_TEVE CIR SISPENSA POR AVANÇO DE HORÁRIO + FALTA PERFURADORBOA EVOLUÇÃO AMBULATÓRIO,0.0004460556267312758
609,COMORBIDADES_OSTEOPOROSE,0.00044466285280514813
1039,prontuario_EVOLUIU COM DELIRIUM + ABSTINENCIA PRECISANDO REVISAR A PROTESE EM 07/12 ,0.0004416824131724445
1111,prontuario_FEZ TC CRANIO QUE VEIO NL OPEROU ANTES DA NRC AVALIAR FEZ DOPLER VENOSO MIE SEM TVP,0.0004374866785121676
748,INFECÇÃO FO_n,0.0004369285828149234
634,COMORBIDADES_TABAGISMO,0.00043676211339072464
286,COMORBIDADES_HAS+IRC,0.0004351354575352195
929,prontuario_BOA EBOLUÇÃO AMB OK ,0.00043483442272653974
830,prontuario_01 SUSP FALTA UTI / RETORNO AMBULATÓRIO OK,0.0004304382773232272
1230,prontuario_RETORNO AMBULATORUIO 12/04 TVP MIE MESMO COM PROFILAXIA AMPLIADA,0.0004290576598783071
436,COMORBIDADES_HAS/DM/IRC DIALITICA,0.00042691734834224656
767,prontuario_01 SUSP 12 DE ABRIL FALTA MATERIAL DE SINTESE,0.00042591159805442224
447,COMORBIDADES_HAS/DM/SEQUELA AVC,0.0004243226982996347
475,COMORBIDADES_HAS/HIPOTIREOIDISMO/DEMENCIA AVANÇADA,0.0004214501101394655
1312,prontuario_UMA SUSP 30/06 ITU,0.0004196566432817866
477,COMORBIDADES_HAS/HPB,0.00041901250736330156
560,COMORBIDADES_IAM/HAS/DRC,0.00041855420392089045
541,COMORBIDADES_HAS/USO MAREVAN/HIPOTIREOIDISMO,0.00041583883629219486
918,prontuario_ANGIOTC CONFIRMOU TEP NO PÓS-OPERATÓRIO,0.00041463697962746077
583,COMORBIDADES_IRC,0.00040973530097130413
499,COMORBIDADES_HAS/ICC/TABAGISMO/DEPRESSÃO,0.0004092600006740303
401,COMORBIDADES_HAS/DM/DEMENCIA/TROMBO MOVEL ATRIO E,0.00040455067201662675
627,COMORBIDADES_SEQUELA AVC,0.00040355474286130516
1354,"prontuario_UMA SUSPENSÃO POR EVACUAÇÃO NA SLA APÓS RAQIII, CIRURGIA SUSPENSA FALTA DE FAMILIARES PARA ASSINAR TERMO, ACABOU DEMORANDO 08 DIAS PARA OPERAR, TEVE QUE PASSAR SONDA VESICAL PELA EQUIPE DA URO, TINHA FX ÚMERO AGUARDANDO CIRURGIA, BRONCOASPIROU NA ENFERMARIA  ",0.00040270199957482205
1097,prontuario_FEZ IRA EVOLUINDO COMPALIAÇÃO,0.00040152910510024407
1159,prontuario_NECESSITOU TRANSFUSÃO DUAS BOLSAS DE SANGUE,0.0004011796475678455
535,COMORBIDADES_HAS/SEQUELA AVCI/DEmENCIA/EPILEPSIA,0.00039936715802301495
331,COMORBIDADES_HAS/AVC/DPOC/USO CONTINUO DE O2,0.0003993122900007691
1034,prontuario_EVOLUIU BCP/ITU PALIOU,0.0003981028695648263
558,COMORBIDADES_IAM/ARRTMIA/HAS/DM,0.0003955297339406697
480,COMORBIDADES_HAS/IAM/ALZHEIMER,0.0003954191901161049
745,INFECÇÃO FO_S,0.00039433947083851055
556,COMORBIDADES_IAM 06 MESES,0.0003933071477595104
111,COMORBIDADES_ASMA/GLAUCOMA,0.00039198002871517965
1139,prontuario_IAM POS OPERATORIO FEZ HDA PRECISOU DRENAR TORAX EVOLUU FALENCIA MULTIPLA ORGÃOS ,0.00039136040721088604
962,prontuario_BOA EVOLUÇÃO PÓS-OPERATÓRIA,0.0003902015754417593
973,"prontuario_BOA EVOLUÇÃO, INTERNOU DEPOIS POR OUTROS MOTIVOS EVOLUINDO A ÓBITO",0.00038868192418018094
1222,prontuario_REINTERNOU FALHA DHS 16/08 OPEROU PTQ 21/08 ALTA 23/08,0.0003853058793759552
856,prontuario_01 SUSPENSÃO 08/03 EVACUAÇÃO EM SALA,0.00038277754012630544
658,MÊS_FEVERERI,0.0003775621872896435
1219,"prontuario_REINTERNOU 23/08 DEVIDO ULCERA SACRAL INFECTADA , LUXOU PRÓTESE REINTERNANDO EM 27/09, FEZ REDUÇÃO INCRUENTA, BOA EVOLUÇÃO AMBULATORIAL",0.000377155124587435
797,prontuario_01 SUSP 29/05 ITU,0.0003731170718182059
407,COMORBIDADES_HAS/DM/DLP/AVCI 2021,0.00037077559159875707
932,prontuario_BOA EVOLUÇAO AMBULATORIAL,0.00036942388937214637
566,COMORBIDADES_ICC/HAS/ALZHEIMER,0.00036859049097821367
619,COMORBIDADES_PARKINSON/HAS/DEPRESSÃO/INSONIA,0.0003622699351378517
915,prontuario_AMB OK ,0.0003615000993616213
201,COMORBIDADES_DM/HAS/ICC/DPOC,0.00036084756950178093
547,COMORBIDADES_HIPOTIREOIDISMO/ANSIEDADE,0.00035969454937294365
1049,prontuario_EVOLUIU COM PALIAÇÃO DEVIDO ITU/BCP/MELENA,0.00035930977150264046
494,COMORBIDADES_HAS/ICC/HIPOTIREOIDISMO,0.0003578217234161217
242,COMORBIDADES_ETILISMO,0.00035781181680219124
1293,prontuario_TEVE QUE REOPRAR DIA 08/03 DEVIDO SOLTURA PARAFUSO DISTAL,0.0003550641932725599
250,COMORBIDADES_FA/DEMENCIA/ANEMIA,0.0003522171951254911
399,COMORBIDADES_HAS/DM/DEMENCIA/AVC,0.0003508400934791885
284,COMORBIDADES_HAS+EPILEPSIA+SEQUELA AVC+PLAQUETPOENIA 82.000,0.0003506079296352272
334,COMORBIDADES_HAS/AVC/SURDEZ,0.000350136464191032
1259,"prontuario_SUSPENSA PRIMEIRA CIRURGIA PORQUE PAC EVACUOU NA SALA, BOA EVOLUÇAO AMBULATORIAL",0.00034815728029987037
222,COMORBIDADES_DOENÇA CHRON,0.00034659854962160945
642,COMORBIDADES_TU CEREBRAL 02/2019,0.00034598974866259643
1266,"prontuario_TCE+FX FEMUR+FX UMERO, FEZ ANEMIA REQUEREU TRANSFUSÃO, FEZ SUSPEITA TEV, CONSERVADOR TT/O TCE E UMERO",0.0003457988512089554
118,COMORBIDADES_AVC/DM/HAS,0.00034572045539475754
434,COMORBIDADES_HAS/DM/INSTITUCIONALIZADA,0.0003451489569347623
1221,"prontuario_REINTERNOU DEPOIS DE UM MÊS COM OBSTIPAÇÃO COM BOA EVOLUÇÃO, FEZ DOPLER MIE SEM TVP",0.0003447476369570615
1355,prontuario_UMA SUSPENSÃO POR HAS BOA EVOLUÇÃO,0.0003439941325473835
444,COMORBIDADES_HAS/DM/OSTEOPOROSE,0.00034286061385230894
949,"prontuario_BOA EVOLUÇÃO AMBULATORIAL, INTERNAÇÃO PROLONGADA DEVIDO ",0.00034273337310536807
1153,prontuario_MULTIPLAS SUSPENSOES PROBLEMA COM FAMILIAR/TERMO AVCI 05/07 CHOQUE SEPTICO OBITO,0.0003395584169760502
545,COMORBIDADES_HIPOTIREOIDISMO,0.0003389113163874383
502,COMORBIDADES_HAS/INSTITUCIONALIZADA/CONFUSÃO MENTAL,0.00033780073235580916
1147,prontuario_INTERNOU DIA 24 SUSPEITA HDA SOLICITADO EDA 25/01 FICOU COMO ILEO PARALITICO,0.0003358789605667273
1145,prontuario_INSTABILIZOU RPA FOI P/ UTI ÓBITO MADRUGADA,0.0003349005611356234
1001,"prontuario_CIRURGIA SUSPENSA DIA 12 POR PROBLEMA LOGISTICO, BOA EVOLUÇÃO AMBULATÓRIO",0.00033117815500376477
344,COMORBIDADES_HAS/CARDIOPATIA/TABAGISMO/IAM,0.00032960634018807555
1080,prontuario_FEZ BRADICARDIA SUBITA E PCR NOITE NA SEMI-INTENSIVA,0.000325148532323797
746,INFECÇÃO FO_SIM,0.00032309288952120493
183,COMORBIDADES_DM/EPLEPSIA/AVCI HÁ 02 MESES,0.00032194966658549685
108,COMORBIDADES_ASLZHEIMER+DM,0.0003217268396124097
787,prontuario_01 SUSP 22/05 DEVIDO DIARREIA INTENSA ENTROU ATB ,0.00032161199793423326
179,COMORBIDADES_DM/CARDIOPATIA,0.00032125974444548714
611,COMORBIDADES_PARALISIA CEREBRAL/EPILEPSIA,0.0003209701184021016
82,COMORBIDADES_ALZHEIMER/DM/HAS,0.00032088291439859876
1258,"prontuario_SUSPENSA CIRURGIA 07/07 POR AVANÇO DE HORÁRIO, BOA EVOLUÇÃO NO AMBULATÓRIO",0.0003170586503292202
1351,"prontuario_UMA SUSPENSÃO POR AVANÇO DE HORÁRIO, BOA EVOLUÇÃO AMBULATORIAL",0.00031675073585418393
617,COMORBIDADES_PARKINSON/DEPRESSÃO,0.00031659457660942255
209,COMORBIDADES_DM/HAS/SEQUELA DE POLIOMIELITE,0.0003165278763257574
355,COMORBIDADES_HAS/DEPRESSÃO,0.00031348464666774815
144,COMORBIDADES_DEMENCIA/ALZHEIMER,0.000311809752935195
1063,prontuario_EVOLUIU SEPSE PULMONAR E DELIRIUM HIPOATIVO PALIOU,0.0003096347784419645
58,CIRURGIA_PTQ E ,0.00030857225339624383
1053,"prontuario_EVOLUIU DELIRIUM + MULTIPLAS COMPLICAÇÕES, PALIOU",0.0003081243841503106
59,CIRURGIA_PTQ E REVISÃO,0.00030702918449093675
848,prontuario_01 SUSP POR DESSATURAÇÃO,0.00030702220882418353
67,COMORBIDADES_02 AVC,0.0003059173626938357
240,COMORBIDADES_ESQUIZOFRENIA PARKINSON SEQUELA AVC,0.0003040440244818926
1131,prontuario_FX PERIPROTETICA FEMUR D FEZ PROTESE DE REVISÃO,0.0003037874575587975
563,COMORBIDADES_ICC/ALZHEIMER/DEPRESSÃO,0.0003035861569929024
155,COMORBIDADES_DEMENCIA/NEO MAMA,0.0003021736719911952
200,COMORBIDADES_DM/HAS/ICC/AVC/IRC,0.0003014488542422668
199,COMORBIDADES_DM/HAS/IAM,0.00030094266993672795
90,COMORBIDADES_ALZHEIMER/HAS/DM,0.0003003531931868855
946,"prontuario_BOA EVOLUÇÃO AMBULATORIAL  // POSTERIORMENTE EVOLUIU COM INFECÇÃO DA PRÓTESE, RETIROU A MESMA EM MAIO DE 2019, FICOU LONGO TEMPO INTERNADA EM ATB, PALIOU EVOLUIU ÓBITO EM JUNHO DE 2019",0.0002997702862030234
225,COMORBIDADES_DPOC TABAGISMO,0.00029932075313515694
885,"prontuario_01 SUSPENSÃO, CRISE ABSTINENCIA IMPORTANTE",0.0002992231549656541
595,COMORBIDADES_IVC/PROSTATISMO,0.0002984758371502889
202,COMORBIDADES_DM/HAS/ICC/HIPOTIREOIDISMO,0.000298171017648128
83,COMORBIDADES_ALZHEIMER/DM/MARCAPASSO,0.0002964706549031622
102,COMORBIDADES_ARRITMIA,0.0002963866329111581
798,prontuario_01 SUSP 29/06 DEVIDO ITU ESTAVA SEM ATB  01 SUSP 01/07 DEVIDO ALTARAÇÃO COAGULOGRAMA FEZ CIRURGIA 08/07 EVOLUIU COM ASCITE HDA DESCOMPENSAÇÃO HEPÁTICA ,0.00029553634669260794
322,COMORBIDADES_HAS/ARRTMIA/MARCAPASSO,0.0002948606142592975
411,COMORBIDADES_HAS/DM/DPOC,0.0002940307200267894
1012,prontuario_DESCOMPENSOU QUADRO CIRRÓTICO EVOLUINDO A ÓBITO,0.00029365558890465554
378,COMORBIDADES_HAS/DM/ANEMIA,0.000292933918145189
1086,prontuario_FEZ DESSATURAÇÃO COMTAQUICARDIUA SAT O2 78% ANGIOTC NL,0.00029106288829724243
534,COMORBIDADES_HAS/SEQUELA AVCI,0.000290131272758618
1123,prontuario_FICOU ATE DIA 08/03 NO HOSPITAL - ALTA SOCIAL - FOI PARA ALBERGUE,0.0002886606240507535
743,INFECÇÃO FO_M,0.0002884826149484056
413,COMORBIDADES_HAS/DM/DPOC/DEPRESSÃO,0.00028843935749122443
465,COMORBIDADES_HAS/ESTENOSE AORTICA/,0.00028801545954349963
968,prontuario_BOA EVOLUÇÃO RETORNO AMBULATORIO OK,0.0002877485912253734
350,COMORBIDADES_HAS/DAC/ALZHEIMER,0.00028714127361053845
1192,prontuario_PAC DEMENCIA AVANÇADA AGUARDOU FAMILIAR PARA PROGRAMAÇÃO PALIOU ,0.00028692869614276733
98,COMORBIDADES_AMAUROSE BILATERAL,0.0002849250839264022
466,COMORBIDADES_HAS/ETILISMO,0.00028473289089862565
1377,queda propria altura_OUVIU ESTALO E CAIU,0.0002810325303546931
1243,prontuario_SEPSE PULONAR 01 SUSPENSÃO 09/01 DEVIDO CIANOSE DESCONFORTO RESPIRATORIO ASA 3 ,0.0002810057992541006
615,COMORBIDADES_PARKINSON/DEMENCIA/ALZHEIMER/HAS,0.000280395103732069
427,COMORBIDADES_HAS/DM/IAM/IRC DIALITICA,0.0002800759729744233
354,COMORBIDADES_HAS/DEMENCIA/HIPERURICEMIA,0.0002795710143017106
152,COMORBIDADES_DEMENCIA/HIPOTIREOIDISMO,0.0002782299781440735
153,COMORBIDADES_DEMENCIA/HIV,0.000277896522687777
1166,"prontuario_NO RETORNO AMBULATORIAL APÓS 15 DIAS DA CIRURGIA TEVE QUADRO DE DOR TORACICA, INTERROGADO TEP/IAM TROPO NEGATIVA DOPLER MMII NL FEZ PIÚRIA PALIOU PROPORCIONAL CRESCEU KLEBISIELLA NA URINA SENSÍVEL MERO NECESSÁRIO ASSOCIAR VANCO DEVIDO MÁ-EVOLUÇÃO",0.00027739287403480086
1007,prontuario_CRISE CONVULSIVA COM QUEDA,0.0002772304766860606
128,COMORBIDADES_CARDIOPATIA,0.0002763331496524382
1031,prontuario_EVOLUIU AUMENTO CREATININA E BCP PALIOU,0.0002760305386671757
96,COMORBIDADES_ALZHEIMER/TOTALMENTE DEPENDENTE,0.00027558534574441087
1218,"prontuario_REBAIXOU SUBITAMENTE COM DESSATURAÇÃO, PALIATIVO PROPORCIONAL",0.0002741890420548835
976,prontuario_CAIU DIA 10/11 FICOU COM DOR E SÓ PROCUROU OS DIA 23/11,0.0002740367727378667
81,COMORBIDADES_ALZHEIMER/DM/EPILEPSIA,0.0002739865658363426
1165,prontuario_NO POS OPERATORIO APRESENTOU DESSARTURAÇÃO 80 MMHG DEPENDENTE O 2 TC TORAX SEM GRANDE SLATERAÇÕES EVOLUIU OBITO NA SEMI INTENSIVA ,0.0002732030437522633
137,COMORBIDADES_CRISE CONVULSIVA,0.00027262492975253674
985,"prontuario_CHEGOU C.C. 03/05 COM DESSATURAÇÃO, TRATOU BCP",0.0002717776314005247
910,prontuario_ALTA EM BEG,0.00026986837358260104
1324,prontuario_UMA SUSPENSÃO 13/04 POR SUBOCLUSÃO BOA EVOLUÇÃO,0.00026929130990858106
1249,"prontuario_SUSPEITA DE TEP NÃO CONFIRMADA COM ANGIOTOMO, DEMOROU SAIR LAUDO POSTERGANDO INTERNAÇÃO",0.00026923610629894595
924,prontuario_AVC HÁ 08 ANOS NEO INTESTINO HÁ 05 ANOS 01 SUSP 15/05 AVANÇO HORÁRIO,0.00026898112181746156
930,prontuario_BOA EVOLEÇÃO AMBULATORIAL ,0.0002689039594921002
435,COMORBIDADES_HAS/DM/IRA,0.000268746243076784
878,prontuario_01 SUSPENSÃO POR PIURIA BOA EVOLUÇÃO AMBULATORIAL,0.000268122796724119
836,prontuario_01 SUSP ITU 04/12,0.00026775792340441845
121,COMORBIDADES_AVC/HAS/HIPOTIREIDISMO,0.00026649825665816504
1017,prontuario_DIAFISE S73.3,0.00026629021044568543
1073,"prontuario_FEZ ANGIOTC P/ TEP NO POS OPERATÓRIO, NEGATIVA PARA TEP",0.0002661837703339685
298,COMORBIDADES_HAS/ALZHEIMER/DM,0.00026534883807152575
215,COMORBIDADES_DM/ICO/HAS/,0.0002649254160828723
453,COMORBIDADES_HAS/DPOC,0.000264613455153796
1024,"prontuario_DUAS SUSPENSOES, 25/03  01/04  FX PERIPROTETICA UM RETORNO AMBULATORIO OK",0.0002637783411500902
665,MÊS_MARCO,0.0002617365661885691
93,COMORBIDADES_ALZHEIMER/HPB/LABIRINTITE,0.00026131446191507706
1245,prontuario_SEQUELA AVC 11 ANOS  01 SUSP 17/07 DEVIDO ITU ,0.0002582462194283721
1337,prontuario_UMA SUSPENSÃO DEVIDO ITU FALHA PROTOCOLO AV CLINICA BOA EVOLUÇÃO AMBULATORIAL,0.0002569056969802748
56,CIRURGIA_PTQ D ,0.0002565756900298448
509,COMORBIDADES_HAS/LABIRINTITE/HIPOTIEROIDISMO10/04/2018,0.00025587211289040333
415,COMORBIDADES_HAS/DM/EPILEPSIA,0.00025543057200008604
294,COMORBIDADES_HAS/ALZHEIMER/AVC HÁ 07 ANOS,0.0002552068985250562
317,COMORBIDADES_HAS/ARRTMIA// HIPOTIREOIDISMO,0.00025440392878275285
169,COMORBIDADES_DISLIPIDEMIA/HIPOTIREOIDISMO,0.0002543907234271593
935,prontuario_BOA EVOLUÇAO RETORNO AMB OK ,0.0002531923642772045
873,prontuario_01 SUSPENSÃO ITU,0.00025314938900112134
908,prontuario_AINDA NÃO RETORNOU AMBULATÓRIO,0.00025284496516463453
519,COMORBIDADES_HAS/OBESIDADE,0.0002526587780702489
429,COMORBIDADES_HAS/DM/ICC,0.00025240826078823847
377,COMORBIDADES_HAS/DM/AMP MID,0.0002522765634959223
557,COMORBIDADES_IAM RECENTE,0.00024960984440504293
1288,prontuario_TEVE FX UMERO TRATAMENTO CONSERVADOR,0.0002483953654446073
1346,"prontuario_UMA SUSPENSÃO FALTA FAMILIAR ASSINAR TERMO, SEGUNDA SUSPENSÃO POR ITU, TERCEIRA SUSPENSÃO FALTA DE JEJUM, BOA EVOLUÇÃO AMBULATORIAL ",0.0002478104352477255
166,COMORBIDADES_DEPRESSÃO/ESCLERODERMIA/ARRITMIA/SÍNDROME SJOGREN,0.0002475588685686015
78,COMORBIDADES_ALZHEIMER/DEPRESSÃO,0.0002472948155156919
1314,prontuario_UMA SUSP FALTA VAGA UTI,0.00024682426019018237
1375,queda propria altura_INDEFINIDO,0.00024624890074405174
624,COMORBIDADES_PROTESE VALVAR/ICC/ANTICOAGULADO,0.00024608646117587376
336,COMORBIDADES_HAS/AVCI,0.00024400790675138402
1172,"prontuario_NÃO RETORNOU AMBULATÓRIO, REINTERNOU EM 20/12/2021 APÓS QUEDA E INICIO SAIDA SECREÇÃO RETIROU PROTESE 22/02 ACABOU PALIANDO E EVOLUINDO ÓBITO POR SEPSE ",0.00024377008099763872
79,COMORBIDADES_ALZHEIMER/DISLIPIDEMIA/HAS/INSTITUCIONALIZADA HÁ SEIS MESES,0.000243413109465419
506,COMORBIDADES_HAS/Ico,0.0002430532009347862
1114,prontuario_FEZ TVP MEMBRO INFERIOR,0.00024276726104074454
316,COMORBIDADES_HAS/ARRTMIA,0.00024239212842648483
584,COMORBIDADES_IRC  ,0.00024152431578897322
119,"COMORBIDADES_AVC/HAS/D,M, ETILISMO",0.00024068559816568544
382,COMORBIDADES_HAS/DM/AVC,0.00023991542162927137
190,COMORBIDADES_DM/HAS/AVC(3),0.00023909347418080298
840,"prontuario_01 SUSP ITU 17/11, FEZ HIPERNATREMIA + DELIRIUM + SEPSE PULMONAR",0.00023902657561388437
1265,prontuario_TCE COM HSA TT/O CONSERVADOR BOA EVOLUÇÃO,0.00023842434000419173
868,"prontuario_01 SUSPENSÃO DIA 26/03 EVACUAÇÃO SALA, 01 SUSPENSÃO 29/03 BACTERIURIA ASSINTOMATICA",0.0002382966436257848
64,CIRURGIA_RETIRADA DHS + PTQ D ,0.00023685860385763837
460,COMORBIDADES_HAS/DRC/HIPERURICMIA,0.00023649790551655847
212,COMORBIDADES_DM/HIPOTIREOIDISMO,0.00023549948026116606
1100,prontuario_FEZ ITU,0.0002349476197836261
1150,prontuario_ITU FEZ USO DE MEROENM,0.00023433750734213596
948,"prontuario_BOA EVOLUÇÃO AMBULATORIAL POERIORMENTE REINTERNOU DEVIDO PERDA REDUÇÃO FRATURA REINTERNOU 03/05/2019 COLOCOU PTQ 08/05, ALTA DA RPA BEG, AS 19 HS, AS 20 HS DSPNEIA EVOLUIU NO POI COM DSPNEIA + NECESSIDADE DE TOT, DIA 09/05/2019 AS 16 HS EVOLUI PCR ",0.00023221697045455405
418,COMORBIDADES_HAS/DM/GLAUCOMA,0.00023214328924733466
989,"prontuario_CHEGOU E PRECIOSU TRATAR ITU, TEVE SUSPENSÃO POR AVANÇO DE HORÁRIO, BOA EVOLUÇÃO AMBULATORIAL",0.0002319593669920419
1064,"prontuario_EVOLUÇÃO ARRASTADA COM MULTIPLAS INFECÇÕES, AVCI, DERRAME PLEURAL, ESCARA SACARL",0.00023100680083072713
229,COMORBIDADES_DPOC/TABAGISMO/TU GASTRICO,0.0002308199272605018
340,COMORBIDADES_HAS/CARDIOPATA,0.00022976087168877004
1041,prontuario_EVOLUIU COM DOR NO PRIMEIRO PO FEITO MORFINA EVOLUIU HIPOTENSÃO E ÓBITO TEVE UMA SUSPENSÃO PELA SITUAÇÃO CLINICA ADVERSA,0.00022893350898363547
577,COMORBIDADES_INS. MITRAL,0.0002279072936948899
1270,prontuario_TEVE 01 SUSPENSAÕ TEVE QUE IR PARA UTI POS OPERATORIO ,0.00022776966790175073
515,COMORBIDADES_HAS/NEO PROSTATA/HIPOTIREOIDISMO,0.0002277084903743247
227,COMORBIDADES_DPOC/HAS/AVCI,0.00022739923202478226
289,COMORBIDADES_HAS/ALZHEIMER / DEMENCIA AVANÇADA,0.00022731729842783376
184,COMORBIDADES_DM/ETILISMO/TABAGISMO/PANCREATITE CRONICA/ALXHEIMER,0.0002265364848910858
1290,prontuario_TEVE ITU PRECISANDO FAZER USO MERONEM RETORNO AMBULATORIO OK,0.0002251297509530243
1090,prontuario_FEZ FA NA RPA NO POI E DEPOIS TEP NA ENFERMARIA ANTICOAGULOU BOA EVOLUÇÃO AMBULATORIAL,0.0002246944350923956
366,COMORBIDADES_HAS/DLP/DRC/AVCI PLEGIA D/HPB,0.0002246915768049325
1307,prontuario_TRATOU ITU BOA EVOLUÇÃO,0.00022459652943417324
631,COMORBIDADES_SURDEZ,0.00022445678563494747
482,COMORBIDADES_HAS/IAM/AVC/DEMENCIA/EPILEPSIA,0.00022405809536489503
812,prontuario_01 SUSP DIARREIA POS RAQUI  PRECISOU TRANSFUNDIR PRE OPERATORIO,0.00022345378921150325
1291,prontuario_TEVE LESÃO RAMOS ARTERIAIS NA CIRURGIA SEM MAIORES CONSEQUENCIAS,0.00022166571894945733
113,COMORBIDADES_AVC 3/ DEMENCIA,0.00022132549564661105
210,COMORBIDADES_DM/HAS/TABAGISMO,0.00022068558382150596
323,COMORBIDADES_HAS/ARTRITE REUMATOIDE,0.00022015723288682746
1242,prontuario_SEPSE + DESCOMPENSAÇÃO DA CIRROSE HEPÁTICA,0.0002201333706979896
287,COMORBIDADES_HAS/,0.00021930625227339006
1189,"prontuario_PAC CHEGOU COM INSUFICIENCIA RENAL AGUDA NEFROLOGISTA ORIENTOU AGUARDAR MELHORA DA IRA P/ PROCEDER COM CIRURGIA, EVOLUIU COM MELHORA, OPEROU, EVOLUIU NA SEMI COM TAQUICARDIA E PCR SÚBITA, NÃO TEVE ALTA DA SEMI",0.00021893026278508156
381,COMORBIDADES_HAS/DM/ARTRITE REUMETOIDE/IAM,0.00021577306332066975
893,prontuario_02 SUSPENSOES SEPSE ,0.00021408828935819455
256,COMORBIDADES_GLAUCOMA,0.0002130261202316084
980,prontuario_CASO SOCIAL DEMOROU PÁRA FAMILIA LEVAR,0.00021250332489633207
561,COMORBIDADES_ICC,0.0002109830498658926
168,COMORBIDADES_DISLIPIDEMIA/DM,0.0002106576797051607
1182,"prontuario_OPEROU EM JANEIRO, EVOLUIU COM REFRATURA EM JULHO SENDO NECESSARIO RETIRAR DHS E COLOCAR PRÓTESECIR SUSPENSA POR FALTA RADIOSCOPIA DIA 11/01,OPEROU DIA 13/01,",0.00021007372763851736
122,COMORBIDADES_AVC/PLEGIA/AFASIA/DM/HAS,0.00020990904082483018
1074,"prontuario_FEZ ANGIOTOMO NEGATIVA P/ TEP / ACHADO INCIDENTAL DE NODULO HEPÁTICO E RENAL, DEVIDO IDADE E IRC OPTADO POR SEGUIMENTO AMBULATORIAL",0.00020913823433378587
364,COMORBIDADES_HAS/DLP/DEMENCIA,0.00020821808549979258
616,COMORBIDADES_PARKINSON/DEMENCIA/MASSA PULMÃO A/E,0.00020796823397702168
101,COMORBIDADES_ARRITIMIA/HAS,0.00020793439487811868
290,COMORBIDADES_HAS/ALZHEIMER/,0.000207876908882526
1353,"prontuario_UMA SUSPENSÃO POR EVACUAÇÃO NA SLA APÓS RAQIII,",0.00020716646150444396
629,COMORBIDADES_SEQUELA AVC/ACAMADO 02 ANOS,0.00020681062676658742
461,COMORBIDADES_HAS/ENFISEMA/SEQUELA AVCI,0.000206236874263202
1229,prontuario_RETORNO AMBULATORIO OK MLS,0.00020468304152768005
170,COMORBIDADES_DLP/DEMENCIA/HIPOTIREOIDISMO,0.0002044013669127346
1042,prontuario_EVOLUIU COM FALENCIA MULTIPLA DE ORGAOS,0.0002043057073221504
594,COMORBIDADES_ITU+ BCP,0.00020302793133723074
804,prontuario_01 SUSP AVANÇO HORÁRIO RETORNO AMBUÇATORIO OK,0.00020291250429878353
330,COMORBIDADES_HAS/AVC/ANTICOAGULADA,0.00020256362897985833
612,COMORBIDADES_PARKINSON,0.00020223470290056358
476,COMORBIDADES_HAS/HIPOTIREOIDISMO/DLP/IAM 03 ANOS/ STENT CORONARIA,0.00020175030842730455
1220,prontuario_REINTERNOU 28/06 DEVIDO SOLTURA MATERIAL DE SINTESE OPTADO POR RETIRADA DE MATERIAL SINTESE E EVOLUÇÃO PSEUDOARROSE BOA EVOLEÇÃO AMBULATORIAL,0.0002017208010994052
601,COMORBIDADES_NEO PROSTATA/ANTICOAGULADO,0.00020138059310554387
75,COMORBIDADES_ALZHEIMER/AVC/ICC/MARCAPASSO,0.00020128054870781266
530,COMORBIDADES_HAS/REUMATISMO/DM/ARTRITE JOELHJO,0.0002001991944170354
613,COMORBIDADES_PARKINSON/DAOP,0.00020018852300851038
832,"prontuario_01 SUSP HB 6,3",0.00020006388574130278
1252,prontuario_SUSPEITA NÃO CONFIRMADA COVID/ BCP  BOA EVOLUÇÃO AMBULATORIAL,0.00019972620337614435
1276,prontuario_TEVE ALTA OK RETORNO AMBULATÓRIO OK,0.00019839219598121664
1223,prontuario_REINTERNOU POR ITU OBTENDO ALTA DEPOIS BOA EVOLUÇÃO AMBULATORIAL,0.00019789038483962291
532,COMORBIDADES_HAS/SEQUELA AVC,0.0001971053180274905
554,COMORBIDADES_HPB/PARKINSON,0.0001969993261814042
1343,"prontuario_UMA SUSPENSÃO FALTA DE CAIXA,SEGUNDA SUSPENSÃO AVANÇO HORÁRIO HAVBIA OPERADO ÚMERO OUTRO HOSPITAL CRESCEU PSEUDOMONAS NO SWAB DE ENTRADA NO HOSPITAL, INFECCIONOU A CIRURGIA FEITA NO HOSPITAL DE ORIGEM, E ACABOU INFECTANDO A PROTESE DE QUADRIL POSTERIORMENTE RETIRANDO A MESMA, SEGUE ACOMPANHAMENTO AMBULATORIAL",0.00019651975221555577
925,prontuario_BCP EXTENSA  PALIOU,0.00019643421924660343
1204,prontuario_PASSOU NA UPA E NÃO DIAGNOSTICOU FX ,0.0001954749720355291
979,prontuario_CASO SOCIAL,0.00019533125542826288
91,COMORBIDADES_ALZHEIMER/HAS/ICC/DM,0.00019496643228990456
348,COMORBIDADES_HAS/CORONARIOPATIA,0.00019458090175241978
1138,prontuario_IAM FEZ CATE DIA 03/03 E INTERNOU 06/03 UMA SUSPENSÃO FALTA DE EQUIPE,0.00019439887324498395
808,"prontuario_01 SUSP DEVIDO HAS, RETORNO AMBULATORIAL OK",0.0001934235180127041
422,COMORBIDADES_HAS/DM/HIV/AVC,0.0001932298378240786
1043,prontuario_EVOLUIU COM HIPOTENSÃO PÓS-OPERATÓRIO E CHOQUE CARDIOGENICO PALIOU  ,0.0001925829069277108
1315,prontuario_UMA SUSP USO CLOPIDOGREL 02 SUSP K ALTO,0.00019183982351590718
982,"prontuario_CASO SOCIAL, FEZ COLECISTITE AGUDA E OUTRAS COMPICAÇÕES NO PÓS-OPERATÓRIO",0.00019069576626533285
844,prontuario_01 SUSP ITU FEZ TEP COLOCOU FILTRO VEIA CAVA FEZ DELIRIUM ALTA REG,0.00019058582572673108
273,COMORBIDADES_HAS DM HIPOTIREOIDISMO,0.0001896086936754958
898,"prontuario_02 suspensões, uma falta de scopia outra falta de uti",0.00018845301770956135
267,COMORBIDADES_HAS AVCI 20219 CONVULSÃO,0.00018819216917390034
807,"prontuario_01 SUSP DEVIDO AUMENTO DE HORÁRIO, RETORNO AMBULATORIAL OK",0.00018767403507117533
867,prontuario_01 SUSPENSÃO DIA 07/10 POR AVANÇO DE HORÁRIO ,0.00018740349658006084
131,COMORBIDADES_CIRROSE/ETILISNMO,0.0001871705783074608
901,prontuario_04 SUSP FALTA MATERIAL,0.00018715149112482246
43,CIRURGIA_DHS E+OSTEOSÍNTESE RADIOE,0.0001870061513258546
112,COMORBIDADES_AVC,0.0001847136787393091
902,"prontuario_05/11 DESATUROU, SUSPENDEU CIR TC CRANIO AV NRC SUSPEITA COVID NÃO CONFIRMADA, TEP CONFIRMADO",0.00018422345387374706
318,COMORBIDADES_HAS/ARRTMIA/DM,0.00018404407021215948
1019,"prontuario_DIFICULDADE EXTUBAÇÃO UTI, HEMATOMA FERIDA OPERATORIA CULTURA NEGATIVA",0.00018335935547605163
752,prontuario_01 SUSP  17/11 FALTA DE UTI,0.00018297366783036616
542,COMORBIDADES_HASA DEPRESSÃO ANSIEDADE OBESIDADE ICC,0.0001828770165177717
342,COMORBIDADES_HAS/CARDIOPATIA/AVCI/MARCAPASSO,0.00018284199587367855
1300,prontuario_TINHA FX UMERO PRECISOU AV NRC + TC CRANIO,0.00018121389746465316
339,COMORBIDADES_HAS/CADEIRANTE/PO ARTRODESE LOMBAR,0.00018062617181481804
391,COMORBIDADES_HAS/DM/CATARATA/TABAGISMO,0.00018061335008844924
143,COMORBIDADES_DEMENCIA SEQUELA AVC,0.00018047330269888652
277,COMORBIDADES_HAS SEQUELA AVC,0.00017965621733129545
325,COMORBIDADES_HAS/ASMA ,0.00017881378121367255
1326,prontuario_UMA SUSPENSÃO 23/10/2019,0.00017848854991928578
319,COMORBIDADES_HAS/ARRTMIA/GLAUCOMA,0.00017804508958841898
266,COMORBIDADES_HAS ALZHEIMER,0.00017783679575786242
295,COMORBIDADES_HAS/ALZHEIMER/DAC,0.00017654297375183304
845,prontuario_01 SUSP ITU RETORNO AMB OK,0.00017649744983913473
965,"prontuario_BOA EVOLUÇÃO PÓS-OPERATÓRIO, AMBULATÓRIO OK ",0.0001760988383637497
458,COMORBIDADES_HAS/DPOC/SEQUELA AVC,0.00017468332718837635
1303,prontuario_TINHA SUSPEITA DE HDA QUE NEM FOI VISTA EVOLUIU BEM,0.0001743202989003388
999,prontuario_CIRURGIA SUSPENSA 1 VEZ OPEROU ESTAVA TUDO BEM DSPNEIA SUBITA NA RPAEVOLUINDO A OBITO ,0.0001738162467338447
440,COMORBIDADES_HAS/DM/MARCA-PASSO/AR,0.000173811701209339
838,prontuario_01 SUSP ITU 11/12,0.00017273973193805627
412,COMORBIDADES_HAS/DM/DPOC/CIOROSE/OBESIDADE/HIPOTIREOIDISMO,0.00017216009405784184
1116,prontuario_FEZ USO ATB 14 DIAS P/ TT/O ITU,0.00017136347881216253
1371,prontuario_ÓBITO POR MORTE SÚBITA PROVÁVEL TEP FOI PARA IML ,0.00017121683729168065
1177,prontuario_OBITO SEPSE PULMONAR,0.00017092546271776487
376,COMORBIDADES_HAS/DM/ALZHEIRMER,0.00016923792943383762
1205,prontuario_PEDIRAM TC PARA VER FRATURA ACABOU OPERANDO SEM REALIZAR TOMOGRAFIA ,0.0001690943695501635
335,COMORBIDADES_HAS/AVCH/TABAGISMO,0.00016887692943755582
834,prontuario_01 SUSP ITU 01 SUSP FALTA UTI AVC RECENTE PAC PLEGICA,0.00016858992864040884
854,prontuario_01 SUSPENSÃO 01/03 POR TAQUICARDIA PAROXÍSTICA NECESSITOU ECOTT E AV CARDIO,0.00016823806243584013
106,COMORBIDADES_ARRTMIA/NEO MAMA/ HIPOTIREOIDISMO/ DEMNENCIA SENIL,0.00016753798985538913
981,prontuario_CASO SOCIAL SÓ FOI PARA CASA DIA 28/07,0.00016725786098202184
880,prontuario_01 SUSPENSÃO POR PLAQUETOPENIA ,0.00016639814748675282
916,prontuario_AMB OK DEVIDO FLEXO JOELHO E QUADRIL REALIZADO SOMENTE RESSECÇÃO CABEÇA DO FEMUR,0.00016610595494597245
801,prontuario_01 SUSP ARRTMIA EVOLUIU COM INS CARDIACA,0.00016557911116220263
115,COMORBIDADES_AVC/ALZHEIMER,0.0001655098236526803
481,COMORBIDADES_HAS/IAM/AVC,0.0001654813451709897
1179,prontuario_OPEROU COTOVELO TB,0.0001642146564584103
649,COMORBIDADES_has/alzheimer,0.00016412399556722812
326,COMORBIDADES_HAS/ASMA/EPILEPSIA/HIPOTIREOIDISMO,0.00016406193107509863
1211,prontuario_PRECISOU ESTABILIZAR O RIM ANTES DE OPRRAR ,0.0001639855072711989
1056,prontuario_EVOLUIU IRA + REBAIXAMENTO + PALIAÇÃO +ÓBITO,0.00016259236204643388
1199,prontuario_PACIENTE TESTEMUNHA DE JEOVÁ,0.0001614136835047853
934,prontuario_BOA EVOLUÇAO POS OPERATORIA,0.0001613235694930743
623,COMORBIDADES_POLITRAUMA,0.00016112284550668553
120,COMORBIDADES_AVC/HAS/ETILISMO/TABAGISMO,0.00016105810509842308
414,COMORBIDADES_HAS/DM/EPILEEPSIA/ALZHEIMER,0.00016084511501142967
73,COMORBIDADES_ALZHEIMER+DAC,0.0001607666244810145
180,COMORBIDADES_DM/DEMENCIA/CONVULSÃO,0.00016055983200807984
1250,prontuario_SUSPEITA NÃO CONFIRMADA COVID,0.0001601278845411742
1361,prontuario_UMA VEZ SUSPENSA DEVIDO SUSPEITA DE IAM E OUTRAS TRES SUSPENSOES DEVIDO ITU BOA EVOLUÇÃO AMBULATORIAL,0.00015834548588849275
711,MÊS_mai.-20,0.00015832705740050215
160,COMORBIDADES_DEPRESSAO/HEPATITE C/PLAQUETOPENIA,0.00015789121242017608
1135,prontuario_HAVIA OPERADO LADO ESQUERDO HÁ DUAS SEMANAS 01 SUSP POR ITU,0.00015786988151728006
1235,prontuario_RETORNO AMULATORIO OK,0.00015773762431256074
972,prontuario_BOA EVOLUÇÃO TEVE CIR SUSPENSA POR ITUAMB OK,0.00015737978807409437
299,COMORBIDADES_HAS/ALZHEIMER/DPOC,0.0001571562511043969
116,COMORBIDADES_AVC/ARRTMIA/ANTICOAGULADA,0.0001571188078801689
1347,prontuario_UMA SUSPENSÃO FALTA UTI BOA EVOLUÇÃO AMBULATORIAL,0.0001568894628080457
117,COMORBIDADES_AVC/CIR CARD MITRAL,0.00015604616632288446
351,COMORBIDADES_HAS/DELIRIUM,0.00015581980182213806
759,prontuario_01 SUSP 05/04 POS SUSPEITA COVID DESSATURAÇÃO,0.00015552563291681238
485,COMORBIDADES_HAS/IAM/DM/HPB,0.00015413841749547619
1323,"prontuario_UMA SUSPENSAO,FALTA CONDIÇAO CLINICA, MASSA A/E, BCP, SEPSE, ESTAVA EM PROGRAMAÇÃO DE BIOPSIA",0.00015379718658284412
238,COMORBIDADES_ESQUIZOFRENIA,0.00015343507282684546
251,COMORBIDADES_FA/DM/HAS/AIT/DEMENCIA,0.00015327461952953378
245,COMORBIDADES_ETILISMO/TABAGISMO/NEO COLON,0.00015266668646739484
374,COMORBIDADES_HAS/DM/AIT,0.0001522687645936115
193,COMORBIDADES_DM/HAS/DEMENCIA,0.00015206755108843542
1046,prontuario_EVOLUIU COM LUXAÇÃO REPETIÇÃO NO AMBULATORIO QUE NECESSITOU REDUÇÃO INCRUENTA,0.00015181828443845975
1366,"prontuario_VARIAS SUSPENSOES, DIARREIA, SUSPEITA COVID, RETRNO AMBULATÓRIO OK",0.0001517303367070769
97,COMORBIDADES_ALZHEIRMER/DEMENCIA,0.00015069003908338422
986,prontuario_CHEGOU COM COVID 01 SUSPENSAO 02/02 DEVIDO FALTA DE LEITO ISOLAMENTO POS OPERATRORIO FEZ PANCREATITE NO POS OPERATORIO EVOLUINDO OBITO,0.000150524639167023
1263,"prontuario_SÓ FOI P/ CASA DIA 16/04 DEVIDO PROBLEMA SOCIAL, NÃO RETORNOU AMBULATÓRIO",0.0001500554759885862
791,prontuario_01 SUSP 27 DE MARÇO POR FALTA DE MATERIAL,0.00014882777891698782
228,COMORBIDADES_DPOC/TABAGISMO,0.00014882163102332524
1255,prontuario_SUSPEITA TEP INTERNAÇÃO/ TC DESCARTOU/ CHEGOU A ANTICOAGULAR/ TRATOU BCP BOA EVOLUÇÃO AMBULATORIAL,0.0001487364072217247
254,COMORBIDADES_FXT12/ALZHEIMER,0.00014868004153223421
1055,prontuario_EVOLUIU ESTADIA PROLONGADA SEMI SUSPEITA TEP TVP ICC PALIOU FOI PARA CASA CUIDADOS PROPORCIONAIS ,0.00014700740125291788
569,COMORBIDADES_ICC/HAS/DM,0.0001468169618761827
1261,"prontuario_SUSPENSÃO DEVIDO DESSATURAÇÃO, DIAGNOSTICO TEP EVOLUIU PCR MESA CIRURGIA 15 DIAS APÓS DIAGNÓSTICO TEP",0.00014634822577671807
1329,prontuario_UMA SUSPENSÃO AVANÇO HORÁRIO,0.00014530569662152075
1260,prontuario_SUSPENSA UMA VEZ FALTA DE PERFURADOR BOA EVOLUÇÃO RETORNO AMBULATÓRIO OK ,0.00014469221213167947
1271,prontuario_TEVE ALTA 12-03 DEPOIS DE LONGA INTERNAÇÃO POR INFECÇÃO TORNOZELO D NO MESMO DIA DA ALTA CAIU E VOLTOU AO HOSPITAL,0.00014452803851825295
1348,prontuario_UMA SUSPENSÃO GLICEMIA ALTERADA OUTRAS TRES POR FALTA UTI ,0.0001444425417350065
467,COMORBIDADES_HAS/ETILISMO/TABAGISMO,0.0001440910707713198
1134,prontuario_FX ÚMERO ,0.0001434163253582327
896,prontuario_02 SUSPENSÕES DEVIDO ALTERAÇÃO COAGULOGRAMA ,0.00014300995553832876
603,COMORBIDADES_NEO PRÓSTATA,0.00014285474551033991
1254,prontuario_SUSPEITA TEP FOI PARA UTI,0.00014274122105084592
909,prontuario_ALTA 03/12 E REINTERNAÇÃO DIA 14/12 DEVIDO INFECÇÃO PRÓTESE,0.0001425321365552633
1207,prontuario_PO DHS EVOLUIU NECESSIDADE PRÉTESE INFECTOU SEPSE,0.00014228478253984532
72,COMORBIDADES_ALZHEIMER HAS,0.00014173315344971597
126,COMORBIDADES_Alzheimer + DM,0.00014144761947886502
648,COMORBIDADES_dm/has,0.0001408166155631169
450,COMORBIDADES_HAS/DM/TABAGISMO,0.00014046994711071944
1098,prontuario_FEZ IRA PÓS-OPERATÓRIO E DELIRIUM,0.00013946356908704918
1253,prontuario_SUSPEITA NÃO CONFIRMADA TVP,0.00013908815605123218
1308,"prontuario_TRATOU ITU, ALTA DIA 12 SO FOI DE ALTA DIA 14 DEVIDO PROBLEMA SOCIAL",0.00013896569022202527
858,prontuario_01 SUSPENSÃO 12/04 EVACUAÇÃO SALA ,0.00013884735039742626
1036,prontuario_EVOLUIU COM BCP REBAIXAMENTO E PALIAÇÃO ,0.00013844054981411214
383,COMORBIDADES_HAS/DM/AVC / IAM,0.00013810027317524097
1370,prontuario_reotrno ambulatório ok,0.00013785927061321914
63,CIRURGIA_RESSECÇÃO CABEÇA FEMORAL,0.00013777388537475075
187,COMORBIDADES_DM/HAS/AGITAÇÃO PSICOMOTORA,0.0001377650878661287
192,COMORBIDADES_DM/HAS/CIRROSE/HEPATITE C/VARIZES ESOFAGO,0.00013755679728032276
990,"prontuario_CHEGOU EM TT/O BCP, NO PÓS-OPERATÓRIO INTRODUZIDO MERONEM DEVIDO BCP",0.00013751307142836184
1368,prontuario_fez tt/o itu,0.00013720657542493674
991,prontuario_CHEGOU ITU 01 SUSP 03 DE JANEIRO POR DIARREIA,0.00013677812797553566
758,prontuario_01 SUSP 05/02 AVANÇO HORÁRIO,0.00013634904584205456
996,"prontuario_CIR SUSPENSA FALTA MATERIAL,BOA EVOLUÇAO AMBULATORIAL ",0.00013546727462441426
596,COMORBIDADES_LABIRINTITE,0.00013537251310080555
773,prontuario_01 SUSP 13/07 ITU SEM ATB  01 SUSP 15/07 FALTA DE SEMI,0.0001346802585359017
416,COMORBIDADES_HAS/DM/EPILEPSIA/NEO MAMA/OBESIDADE,0.00013275791325233376
827,"prontuario_01 SUSP FALTA MATERIAL, 01 SUSP EVACUAÇÃO EM SALA",0.0001323316062347397
103,COMORBIDADES_ARRTMIA,0.0001316295387752519
1030,prontuario_ESTAVA EVOLUINDO BEM PAROU ATB DIETA VO REPOSIÇÃO POTASSIO VO MELHORA PROGRESSIVA DESSATURAÇÃO SUBITA E OBITO PROVAVEL TEP,0.00013021190868788707
262,COMORBIDADES_HAS + TRANSPLANTE RIM HÁ 20 ANOS,0.00012923471428567004
261,COMORBIDADES_HAS + IRC,0.00012897576640473712
1281,prontuario_TEVE CIRURGIA SUSPENSA ALGUMAS VEZES ,0.00012854633865196595
123,COMORBIDADES_AVCI 2017,0.00012828713090368973
498,COMORBIDADES_HAS/ICC/ODESIDADE/DM,0.0001274633515796034
859,prontuario_01 SUSPENSÃO 15/03 DEVIDO FALTA HASTE LONGA ,0.0001273656251729669
522,COMORBIDADES_HAS/PARKINSOM,0.00012720873841552292
1164,prontuario_NO AMBULATORIO EVOLUIU INICIALMENTE BEM POSTERIORMENTE REINTERNOU DEVIDO LUXAÇÃO DEPOIS INFECTOU TENDO QUE SER ERABORDADO EM NOVEMBRO ACABOU PALIANDO E VINDO A OBITO EM FEVEREIRO DE 2019,0.000126445705497372
400,COMORBIDADES_HAS/DM/DEMENCIA/HIPOTIREOIDISMO,0.0001262440200991705
1327,prontuario_UMA SUSPENSÃO ARRTMIA DEMOROU COMPENSAR TRATOU ITU POS OPERATORIO AINDA NÃO RETORNOU AMBULATORIO,0.00012597014100149774
650,COMORBIDADES_has/dm/avc/neo mama,0.00012584523873894915
358,COMORBIDADES_HAS/DEPRESSÃO/SND PANICO/TABAGISMO ,0.00012578811277075356
1029,"prontuario_ESTAVA COM BOA EVOLUÇÃO AMBULATORIAL, PORÉM LUXOU A PRÓTESES EM ABRIL 2019, DURANTE INDUÇÃO ANESTESICA PARA REDUÇÃO EVOLUIU COM PCR OBITO 26/05",0.0001253656116180419
864,prontuario_01 SUSPENSÃO BOA EVACUAÇÃO SALA EVOLUÇÃO AMBULATORIAL,0.00012502535428309113
1267,prontuario_TEM FX RADIO TB,0.00012501523491300107
162,COMORBIDADES_DEPRESSÃO,0.0001242416845423407
1108,prontuario_FEZ SUSPEITA DE TEP NÃO CONFIRMADO TC / NÃO RETORNOU AMBULATÓRIO,0.00012373344466568787
586,COMORBIDADES_IRC DIALITICA/HAS/DM/CIRROSE/AMP MEMBRO,0.00012362633629444834
356,COMORBIDADES_HAS/DEPRESSÃO/DEMENCIA/OSTEOPOROSE,0.0001225734214678347
1362,prontuario_UMA VEZ SUSPENSA FALTA SEMI BOA EVOLUÇÃO PÓS-OPERATÓRIA,0.00012225864977634797
750,prontuario_  ,0.00012221958842655243
1345,prontuario_UMA SUSPENSÃO FALTA DE SANGUE - FALHA SOLICITAÇÃO PROTOCOLO,0.00012193931551344972
173,COMORBIDADES_DM + ICC,0.00012109387166806012
1059,prontuario_EVOLUIU NO POI COM REBAIXAMENTO + HIPOTENSÃO (IAM? TEP?),0.00012052436628123643
786,prontuario_01 SUSP 20/01 UMA SUSP 27/01 ITU TAZOCIN BCP DESSATURAÇÃO ÓBITO,0.00011990946631094902
135,COMORBIDADES_CONVULSÃO+DM,0.00011927863654704921
904,prontuario_32 DIAS DE FRATURA,0.00011863270559260241
1286,prontuario_TEVE CIRURGIA SUSPENSDA POR FALTA DE CONDIÇÃO CLINICA,0.00011812738376102433
1333,"prontuario_UMA SUSPENSÃO DEVIDO ALTERAÇÃO COAGULOGRAMA, EM USO DE MAREVAN NÃO RETORNOU AMBULATÓRIO",0.00011793562540429911
1344,"prontuario_UMA SUSPENSÃO FALTA DE IMPLANTE, SEGUNDA SUSPENSÃO AVANÇO DE HORÁRIO, ALTA DIA 08/02 REINTERNANDO DIA 27/04",0.00011680574522380505
923,prontuario_AV NRC FEZ TC CRANIO 01 SUSP 14/01 AVANÇO DE HORARIO,0.00011666512390406453
1048,prontuario_EVOLUIU COM NECESSIDADE DVA UTI EVOLUINDO CHOQUE REFRATÁRIO E ÓBITO ,0.00011655135299383122
597,COMORBIDADES_MARCAPASSO,0.00011602836745757117
1015,"prontuario_DESSATUROU POS OPERATÓRIO, NO PRE OPERATORIO FEZ TC CRANIO E TÓRAX",0.00011561173618816153
531,COMORBIDADES_HAS/REVASC MIOCARDIO,0.00011548972649274635
837,prontuario_01 SUSP ITU 07/02,0.00011544307858181064
1236,prontuario_RETORNOU AMBULATORIO DIA 14/01 REINTERNANDO DEVIDO LUXAÇÃO DA PRÓTESE,0.00011535082450895628
1103,prontuario_FEZ ITU EM USO DE MERONEM + IRA ,0.00011523606154246387
76,COMORBIDADES_ALZHEIMER/CARDIOPATIA,0.00011512876923870683
405,COMORBIDADES_HAS/DM/DISLIPIDEMIA,0.00011494977362325065
274,COMORBIDADES_HAS DM OISTEOPOROSE,0.00011489758447350335
1112,prontuario_FEZ TEP + PNEUMOTORAX FOI FEITO FIBRINOLITICO EVOLUIU A ÓBITO,0.00011483380293313288
1185,prontuario_OPEROU O OMBRO TAMBÉM BOA EVOLUÇÃO AMBULATORIAL SEM INTERCORRENCIAS,0.00011459667070231834
1060,prontuario_EVOLUIU PIORA NIVEL CONSCIENCIA + IRC AGUDIAZDA +OBITO,0.00011452129361189147
1278,prontuario_TEVE ALTERAÇÃO CREATININA E PRECISOU INVESTIGAR SUSPEITA DE IAM,0.00011438195653129882
130,COMORBIDADES_CIR RIM HÁ DOIS MESES / HAS/SEQUELA AVC,0.00011437786559965113
1341,"prontuario_UMA SUSPENSÃO EVACUAÇÃO SALA, BOA EVOLUÇÃO AMBULATORIAL",0.00011385187640947226
660,MÊS_JULHIO,0.00011371636815990101
1087,prontuario_FEZ DSPNEIA AO CHEGAR AO HOSPITAL SENDO INTERNADA NA UTI PROGRAMOU CIRURGIA EVOLUIU BCP + SEPSE + IRA ,0.0001133480777682252
810,prontuario_01 SUSP DEVIDO ITU COM ALTERAÇÃO FUNÇÃO RENAL,0.00011314788266717808
553,COMORBIDADES_HPB,0.00011311607097529749
883,prontuario_01 SUSPENSÃO SEXTA INJUSTIFICADA DA ANESTESIA ,0.00011277696759719905
127,COMORBIDADES_CARDIOPATA,0.00011222770650842842
1070,prontuario_FAZ ITU POS OPERATORIO BOA EVOLUÇÃO AMBULATORIAL,0.00011192968608502529
361,COMORBIDADES_HAS/DLP,0.0001118690663532395
484,COMORBIDADES_HAS/IAM/DM,0.00011140394426706613
1104,prontuario_FEZ ITU PÓS-OPERATÓRIO,0.00011132335748612744
891,prontuario_02 SUSP PLAQUETOPENIA QUESTIONAVEL / SUSPEITA COVID NÃO CONFIRMADA,0.0001112193170236748
206,COMORBIDADES_DM/HAS/PARKINSON/DEPRESSÃO/ALZHEIMER,0.00011118475157383402
635,COMORBIDADES_TABAGISMO/BCP MENOS 30 DIAS,0.00011115208226685223
311,COMORBIDADES_HAS/ARRITIMIA/CONVULSÃO,0.00011058267286757213
849,prontuario_01 SUSP POR ENTRADA DE URGENCIA VAGA ZERO,0.0001104685119608958
1076,prontuario_FEZ AVCI EXTENSO PÓS-OPERATÓRIO EVOLUINDO ÓBITO,0.00011030100825465184
85,COMORBIDADES_ALZHEIMER/GOTA,0.00011001383361008621
388,COMORBIDADES_HAS/DM/AVC/NEO COLON,0.00010972540648675262
550,COMORBIDADES_HIPOTIREOIDISMO/TABAGISMO/DEPRESSÃO,0.00010965984203015775
1296,prontuario_TEVE TVP NO PÓS-OPERATÓRIO,0.00010936690407325995
368,COMORBIDADES_HAS/DLP/MARCA-PASSO,0.00010886946638955608
448,COMORBIDADES_HAS/DM/SINDROME PANICO,0.00010859905611084497
581,COMORBIDADES_IRA/DISTURBIO ELETROLITICO,0.00010858027272171371
1304,"prontuario_TIVEMOS QUE ACIONAR O SERVIÇO SOCIAL PARA ALTA, PODERIA TER IDO DIA 24/07/2020",0.0001083403437533318
1298,prontuario_TINHA FRATURA DE ÚMERO TB - OPEROU UMERO 31/08    RETORNO AMBULATORIAL OK  ,0.00010708976757112925
62,CIRURGIA_PTQE ,0.0001070289932992291
220,COMORBIDADES_DM/REVASC MIOCARDIO,0.00010685622362109818
855,prontuario_01 SUSPENSÃO 06/12 POR MATERIAL CONTAMINADO / RETORNO AMBULATORIAL OK/ NO RETORNO AMBULATORIAL EM 07/01/2022 APRESENTOU SUBITAMENTE REBAIXAMENTO EVOLUINDO ÓBITO PROVÁVEL TEP,0.00010598865259229852
146,COMORBIDADES_DEMENCIA/ARTRITE REUMATOIDE/DM/IRC/VALVULOPATA,0.0001046958688423277
528,COMORBIDADES_HAS/POLIOMIELITE,0.00010385689328862656
1334,prontuario_UMA SUSPENSÃO DEVIDO AVANÇO HORÁRIO BOA EVOLUÇÃO AMBULATORIAL,0.00010340231317234428
1367,"prontuario_VITIMA DE ATROPELAMENTO, BOA EVOLUÇÃO AMBULATORIAL",0.00010330647617462638
760,prontuario_01 SUSP 07/02 ENTRADA DE CESÁREA,0.00010319766733438114
861,prontuario_01 SUSPENSÃO 20/01 AVANÇO HORÁRIO,0.00010308501479360858
1137,prontuario_HDA/TESTEMUNHA JEOVA/EVOLUIU INS RENAL,0.00010250539563960634
510,COMORBIDADES_HAS/LABIRINTOPATIA,0.00010235833525345382
1206,"prontuario_PIORA FUNÇÃO RENAL NO PÓS-OPERATÓRIO, RECUPEROU BEM",0.0001021709330296572
489,COMORBIDADES_HAS/ICC ,0.00010137655879332207
912,"prontuario_ALTA HOSPITALAR, UMA SUSPENSÃO POR AVANÇO DE HORÁRIO, FEMUR DISTAL",0.00010128954109819578
248,COMORBIDADES_ETLISMO/CRISE CONVULSIVA ,0.00010124547852465207
628,COMORBIDADES_SEQUELA AVC 02 ANOS,0.0001011151940063969
409,COMORBIDADES_HAS/DM/DLP/PARKINSON/IAM COM ESTENT >10ANOS,0.0001010260081699814
1010,prontuario_DEMOROU PARA DEAMBULAR NA ENFERMARIA,0.00010011945520705236
88,COMORBIDADES_ALZHEIMER/HAS/CONVULSÃO,0.00010002591855702346
1128,prontuario_FX DIAFISARIA FEZ FA E OBITO NA CM NA SEMI INTENSIVA,9.954096157142413e-05
1142,prontuario_INFECÇÃO COM TRATAMENTO ANTIBIOTIVO PROLONGADO AOS CUIDADOS DA CLINICA MEDICA,9.925520339814701e-05
442,COMORBIDADES_HAS/DM/OBESIDADE/IAM 20216,9.917887558526894e-05
321,COMORBIDADES_HAS/ARRTMIA/MARCA-PASSO/ALZHEIMER,9.904019179252811e-05
147,COMORBIDADES_DEMENCIA/HAS,9.900066055327138e-05
1256,prontuario_SUSPENDEU POR AVANÇO DE HORARIO DEPOIS SUSPENDEU POR ITU TRATOU IA OPERAR DIA 09/08 EVACUOU NA SALA SONDA VESICAL SAIU COM PUS OPEROU DIA 18/08,9.88862801204801e-05
203,COMORBIDADES_DM/HAS/ICORONARIANA,9.861957807560596e-05
1274,prontuario_TEVE ALTA DIA 17 MAS DEVIDO PROBLEMA SOCIAL SÓ FOI PARA CASA DIA 20,9.834780290836836e-05
341,COMORBIDADES_HAS/CARDIOPATIA,9.834411724658757e-05
1325,prontuario_UMA SUSPENSÃO 22/04 POR FALTA DE PEFURADOR,9.782040530480148e-05
652,COMORBIDADES_has/hipotireoidismo,9.771761715843109e-05
455,COMORBIDADES_HAS/DPOC/DLP,9.752628470323301e-05
1372,"prontuario_ÓBITO, QUEDA MACA OPEROU SUBDURAL CRONICO AGUDIZADO",9.716827880422267e-05
593,COMORBIDADES_IRC/ICC,9.687259189425437e-05
899,prontuario_03 SUSP EVACUAÇÃO E DUAS FALTA FAMILIAR EVOLUIU COM PALIAÇÃO,9.677663796017763e-05
825,prontuario_01 SUSP FALTA MATERIAL,9.664745497603237e-05
404,COMORBIDADES_HAS/DM/DEPRESSÃO/OSTEOPOROSE,9.662246227152656e-05
1083,prontuario_FEZ DELIRIUM + ANEMIA QUE REQUEREU TRANSFUSÃO DE SANGUE,9.551564580353337e-05
921,prontuario_ATROPELAMENTO ,9.537601320490073e-05
516,COMORBIDADES_HAS/NEO RETO HÁ 05 ANOS,9.522294135303924e-05
815,prontuario_01 SUSP EVACUAÇÃO EM SALA ,9.487453613608339e-05
134,COMORBIDADES_CONVULSÃO,9.476242630496e-05
795,prontuario_01 SUSP 28/08 FALTA DE ANESTESISTA ENTRADA URGENCIA,9.453846412794769e-05
165,COMORBIDADES_DEPRESSÃO/DEFICIT VISUAL,9.445105265308904e-05
314,COMORBIDADES_HAS/ARRITMIA/DPOC,9.443374731653467e-05
573,COMORBIDADES_ICC/IAM,9.394532475274237e-05
1050,prontuario_EVOLUIU COM PLAQUETOPENIA SANGRAMENTO SEPSE E CHOQUE REFRATÁRIO,9.387289369194118e-05
782,"prontuario_01 SUSP 17/03, 01 SUSP 19/03, 01 SUSP 22/03, 01 SUSP 26/03  DIARREIA, COMPLICOU DEPOIS E PALIOU EVOLUINDO A ÓBITO",9.375965350296421e-05
185,COMORBIDADES_DM/GOTA,9.33156526162877e-05
742,INFECÇÃO FO_INFECÇÃO FO,9.31601599163927e-05
741,INFECÇÃO FO_14/12/2019,9.307865609522347e-05
191,COMORBIDADES_DM/HAS/CARDIOPATIA,9.297278695368191e-05
463,COMORBIDADES_HAS/EPLEPSIA/ETILISMO/TABAGISMO,9.281942651607366e-05
876,prontuario_01 SUSPENSÃO POR HAS,9.268818275667271e-05
1203,prontuario_PASSOU MAL NA FISIOTERAPIA TRES DIAS APÓS ALTA SENDO LIBERADO,9.251522162697279e-05
1009,prontuario_DEMOROU PARA COMPENSAR PARA CIRURGIA POSTERIORMENTE EVOLUIU INFECÇÃO PR[OTESE COVID E ÓBITO,9.25105778005086e-05
1313,prontuario_UMA SUSP DESSATURAÇÃO BCP + ITU POS OP PALIOU PROPORCIONAL OBITO ,9.21516933185175e-05
454,COMORBIDADES_HAS/DPOC/DEMENCIA AVANÇADA/ITU,9.211873747056542e-05
154,COMORBIDADES_DEMENCIA/IRC,9.187234682298975e-05
850,prontuario_01 SUSP POR FALTA HASTE LONGA ,9.177779729630317e-05
99,COMORBIDADES_ANEMIA,9.099727320756106e-05
246,COMORBIDADES_ETILISTA TABAGISTA ERISIPELA RECENTE,9.064649157927956e-05
403,COMORBIDADES_HAS/DM/DEPRESSÃO/HIPOTIREOIDISMO/MARACAPASSO,9.064491067997716e-05
1115,prontuario_FEZ TVP PÓS-OPERATÓRIO EM MIE  AGUARDOU ANTICOAGULAÇÃO P/ ALTA ,8.996689901232526e-05
208,COMORBIDADES_DM/HAS/SEQUELA AVC/CARDIOPATA,8.994064161142998e-05
927,prontuario_BCP POS OPERATORIO SUSPEITA TEP NÃO CONFIRMADA,8.945452497722683e-05
779,prontuario_01 SUSP 16/04,8.896001409343901e-05
207,COMORBIDADES_DM/HAS/PO AMP PÉ,8.89389966670914e-05
1330,prontuario_UMA SUSPENSÃO AVANÇO HORÁRIO BOA EVOLUÇÃO AMBULATORIAL,8.849400085378508e-05
640,COMORBIDADES_TALASSEMIA,8.832091753272389e-05
54,CIRURGIA_PTDD,8.827802096711396e-05
793,prontuario_01 SUSP 27/11 FALTA UTI  01 SISP 02/12 FALTA UTI PLAQUETAS 75.000 ,8.827064819320513e-05
835,prontuario_01 SUSP ITU 01/09,8.824184891365335e-05
1246,prontuario_SETE DIAS ATB,8.752819779068665e-05
219,COMORBIDADES_DM/PROSTATISMO/ANEMIA/CONFUSÃO MENTAL,8.726189520635021e-05
139,COMORBIDADES_DEMENCIA AVANÇADA,8.712677471405287e-05
580,COMORBIDADES_IRA,8.643899819002964e-05
230,COMORBIDADES_DRC/ DEPRESSAO/ HAS/CARDIOPATIA,8.547841110853134e-05
1008,prontuario_DELIRIUM POS OPERATORIO,8.543594636898021e-05
1358,"prontuario_UMA SUSPENSÃO POR USO DA AAS + CLOPIDOGREL, SEGUNDA SUSPENSÃO DEVIDO URGENCIA DO PA, ",8.53318399790636e-05
1151,prontuario_MORTE SUBITA ENFERMARIA PROVAVEL TEP,8.517289310959949e-05
1257,"prontuario_SUSPENSA CIR DIA 05 HB 7,8 TRANSFUNDIU, RETORNO AMB OK",8.49720265188497e-05
1094,prontuario_FEZ INSUFICIENCIA RENAL AGUDA QUE REVERTEU FEZ ITU TRATOU COM TAZOCIN,8.48525897328232e-05
1339,"prontuario_UMA SUSPENSÃO EVACUAÇÃO MESA, POI UTI, BOA EVOLUÇÃO AMBULATORIAL",8.48401194853681e-05
241,COMORBIDADES_ESQUIZOFRENIA/ARTRITE REUMATOIDE,8.483267129632268e-05
1217,prontuario_RE-INTERNOU 26/12 PARA REALIZAR EDA E COLONOSCOPIA,8.434946259519157e-05
753,prontuario_01 SUSP  29/11,8.413288402124142e-05
890,prontuario_02 SUSP HAS FEZ IAM SENDO TRANSFERIDO E FICANDO NO MARIO COVAS,8.395519968787678e-05
971,prontuario_BOA EVOLUÇÃO TEVE CIR SISPENSA DUAS VEZES - ITU - FALTA MATERIAL - AMB OK,8.316060169537551e-05
1040,"prontuario_EVOLUIU COM DESSATURAÇÃO, SUSPEITA COVID NÃO CONFIRMADA",8.31313890697438e-05
1240,prontuario_RETORNOU DIA 02/08 COM QUADRO ICC DESCOMPENSADA + TAQUICARDIA ALTA FREQUENCIA EVOLUINDO A ÓBITO DIA 08/08/2019 NA UTI,8.312249536499273e-05
176,COMORBIDADES_DM+HIPOTIREOIDISMO,8.25256155230473e-05
1209,prontuario_POS OPERATORIO NA UTI,8.213653316496106e-05
663,"MÊS_M,AIO",8.18525384382616e-05
852,prontuario_01 SUSP POR USO DROGAS AGUARDOU SETE DIAS DE ABSTINENCIA P/ OPERAR,8.163832337716178e-05
1299,prontuario_TINHA FX UMERO CONCOMITANTE QUE FOI OPERADA DIA 29/02,8.146937173234875e-05
538,COMORBIDADES_HAS/TABAGISMO/ETILISMO,8.141045120980378e-05
944,prontuario_BOA EVOLUÇÃO AMB OK SUSPEITA DE FRATURA PATOLOGICA AGUARDA ANATOMO = CHECAR,8.125340404152554e-05
794,prontuario_01 SUSP 28/06 DEVIDO DIARREIA BCP + ATB POS OPERATORIO,8.039383588071733e-05
337,COMORBIDADES_HAS/BRONQUITE/CATARATA,7.968294353353551e-05
282,COMORBIDADES_HAS+DAC,7.932088857939623e-05
1054,prontuario_EVOLUIU DELIRIUM + REBAIXAMENTO + SEPSE URINARIA E PILMONAR,7.910886001891093e-05
764,prontuario_01 SUSP 09/08 ITU 01 SUSP 13/08,7.907134286271028e-05
653,MÊS_ABRL/2019,7.889579520306295e-05
633,COMORBIDADES_SUSPEITA TB MORADOR RUA/DEMENCIA,7.851185940839495e-05
1002,prontuario_CIRURGIA SUSPENSA DUAS VEZES,7.817875229855435e-05
1023,"prontuario_DUAS SUSPENSOES UMA PA 200/110 OUTRA AVANÇO HORÁRIO ALTA SOCIAL, SO SAIU DO HOSPITAL DIA 09/08 MORADOR DE RUA",7.783442502569938e-05
950,"prontuario_BOA EVOLUÇÃO AMBULATORIAL, LUXOU A PRÓTESE INTERNANDO 15/09 REDUZINDO DIA 16/09 E TRATOU ITU OBTENDO ALTA 24/09, REOPEROU 09/10 REVISÃO DE PRÓTESE, INFECTOU SENDO RETIRADA A PROTESE FIM DE OUTUBRO, ALTA -08/11, segue tt/o atb",7.7707059868307e-05
1216,"prontuario_QUEDA AO SOLO APÓS OUVIR ESTALO QUADRIL, RETORNO AMBULATORIO OK  ",7.757524009174671e-05
1186,prontuario_OPEROU RADIO DISTAL DIA 21/06,7.748787605577768e-05
959,prontuario_BOA EVOLUÇÃO COM RETORNO AMBULATORIO OK,7.743845188152585e-05
32,LOGARITMO_TEMPO TRAUMA/PORTA_4-5,7.697081530245802e-05
1107,prontuario_FEZ SEPSE PULMORA URINARIA E CHOQUE MIXTO,7.675214393332474e-05
1099,prontuario_FEZ IRA/ITU CRESCEU E COLI SENSÍVEL PCR SEMI,7.607561011421079e-05
406,COMORBIDADES_HAS/DM/DLP,7.606532653960487e-05
824,prontuario_01 SUSP FALTA DE UTI,7.575259610584816e-05
395,COMORBIDADES_HAS/DM/DAC/IAM,7.532393116508694e-05
456,COMORBIDADES_HAS/DPOC/IRA,7.468733748768805e-05
235,COMORBIDADES_EPILEP´SAI/DLP/HIPOTIREOIDISMO,7.467518284778678e-05
424,COMORBIDADES_HAS/DM/HPB/AVCI,7.443063337343762e-05
280,COMORBIDADES_HAS+ARRTMIA+DEMENCIA,7.439202690653306e-05
974,prontuario_BOA EVOLUÇÃP AMBULATORIAL,7.308627239630008e-05
500,COMORBIDADES_HAS/ICO,7.295610465238928e-05
426,COMORBIDADES_HAS/DM/IAM/AVC,7.275644995214185e-05
1237,prontuario_RETORNOU AMBULATORIO OK,7.250896414424142e-05
1191,prontuario_PAC CHEGOU PORTA SUSPEITA FX JOELHOE TIBIA TB CONSERVADOR ,7.234676174440944e-05
231,COMORBIDADES_ENFISEMA/HIPERPLASIA PRÓSTATA,7.222852786897549e-05
792,"prontuario_01 SUSP 27/07 DEVIDO ITU, ORIENTADO MANTER CORTICOIDE POR CINCO DIAS ANTES DE OPERAR ",7.168451568497622e-05
205,COMORBIDADES_DM/HAS/PARKINSON,7.116190315463823e-05
164,COMORBIDADES_DEPRESSÃO/ANSIEDADE,7.098502111334764e-05
539,COMORBIDADES_HAS/TABAGISMO/TRANSTORNO BIPOLAR,7.09469573014533e-05
643,COMORBIDADES_TU PANCREAS,7.080368469406679e-05
1018,prontuario_DIARREIA IMPORTANTE QUE NECESSITOU ATB E TEMPO DE ESPERA PROLONGADO PARA OPERAR ,7.077342232720933e-05
1126,"prontuario_FOI P/ ENF CM, DAC REVASC HÁ 20 ANOS, SUSPEITA NEO PULMÃO , PALIADO CASO DIA 02/07/2017,",7.062904189148922e-05
109,COMORBIDADES_ASMA/ESQUIZOFRENIA,7.060999695782997e-05
373,COMORBIDADES_HAS/DM LONGA DATA,7.047736389694041e-05
1081,prontuario_FEZ CHOQUE CARDIOGENICO POI PALIOU EVOLUIU ÓBITO,7.022990187380197e-05
518,COMORBIDADES_HAS/NÃO CONTACTUANTE,6.979965101833683e-05
1297,prontuario_TEVE UMA SUSPENSÃO PELO QUADRO ANEMICO BOA EVOLUÇÃO AMBULATORIAL,6.974629846986085e-05
1032,prontuario_EVOLUIU BCO + CHOQUE + ITU E ÓBITO,6.942860694798433e-05
780,"prontuario_01 SUSP 16/06 POR EVACUAÇÃO EM SALA, BOA EVOLUÇÃO AMBULATORIAL",6.927967488552481e-05
1157,prontuario_NECESSITOU DIALISE EVOLUIU FALENCIA MULTIPLOS ORGÃOS ,6.909270561254219e-05
42,CIRURGIA_DHS E / POSTERIORMENTE TEVE QUE COLOCAR PRÓTESE,6.879209971711495e-05
1037,prontuario_EVOLUIU COM COMPLICAÇÃO ITU + BCP E OBITO,6.855833392377603e-05
1121,prontuario_FEZ USO MERONEM P/ TT/O BCP BOA EVOLUÇÃO AMBULATORIAL,6.819393761214881e-05
526,COMORBIDADES_HAS/PARKINSON/NÃO CONTACTUANTE,6.770453046560338e-05
774,prontuario_01 SUSP 14/02 FALHA OPME,6.715390706412055e-05
50,CIRURGIA_OSTEOSINTESE FEMUR DISTAL E,6.692445518078735e-05
272,COMORBIDADES_HAS DM 03 IAM PREVIO,6.626040399450596e-05
1132,"prontuario_FX PERIPROTETICA OPERADA EM OUTRO HOSPITAL, UMA SUSPENSÃO POR FALTA DE MATERIAL, OUTRA SUSPENSÃO POR AVANÇO DE HORÁRIO, ",6.602010940197479e-05
940,prontuario_BOA EVOLUÇÃO (PESQUISA COVID),6.598959324668398e-05
159,COMORBIDADES_DEPRESSAO,6.52318408277275e-05
977,prontuario_CAIU LEITO PRIMEIRO PO AGUDIZOU SUBDUROU E TEVE QUE COLOCAR DVE PALIOU ,6.503035698942488e-05
992,prontuario_CHOQUE CARDIOGENICO PALIOU ,6.499188510281464e-05
886,prontuario_01 SUSPENSÃOAVANÇO HORÁRIO  FX RADIO CONCOMITANTE TRATAMENTO CONSERVADOR,6.452496822570218e-05
92,COMORBIDADES_ALZHEIMER/HAS/SEQUELA AVC,6.451431021102303e-05
1105,prontuario_FEZ LESÃO RENAL AGUDA NÃO NECESSITOU DIALISE 14 DIAS ATB,6.421755663604785e-05
919,prontuario_AO CHEGAR AO HOSPITAL DESSATUROU SAT O2 46% ANGIOTOMO NEGATIVA PARA TEP COVID NEGATIVO ,6.41635741787214e-05
1180,prontuario_OPEROU E REBAIXOU NO POS OPERATORIO EVOLUINDO COM SEPSE E OBITO,6.330276958331678e-05
1020,prontuario_DOIS MESES DE HISTORIA DE TRAUMA!,6.307578688374003e-05
110,COMORBIDADES_ASMA/EX-TABAGISTA/SEQUELA TB,6.305632137596118e-05
894,"prontuario_02 SUSPENSOES, UMA FALTA EXAMES OUTRA EVACUAÇÃO SLA ",6.296829073810878e-05
543,COMORBIDADES_HEPATOPATA,6.207204102301106e-05
544,COMORBIDADES_HIPOACUSIA,6.183904846578012e-05
1130,prontuario_FX PATELA BILATERAL,6.14432130083082e-05
369,COMORBIDADES_HAS/DLP/NEO MAMA,6.061159591614983e-05
1057,prontuario_EVOLUIU IRA DIALITICA SEPESE URINARIA E PULMONAR,6.0354766776580576e-05
936,prontuario_BOA EVOLUÇAP AMBULATORIAL,6.011193288493906e-05
592,COMORBIDADES_IRC/HAS/DM,5.9812836722986215e-05
599,COMORBIDADES_NEO MAMA,5.953035358850861e-05
1096,prontuario_FEZ IRA E FA ALTA FREQUENCIA TENDO QUE RETORNAR A UTI PARA CONTROLE FOI DE ALTA BEG,5.920168691574591e-05
255,COMORBIDADES_GASTRITE/OSTEOPOROSE,5.792404643488696e-05
1038,prontuario_EVOLUIU COM COMPLICAÇÕES E ÓBITO,5.738633079703853e-05
129,COMORBIDADES_CHAGAS,5.6992665723538544e-05
766,prontuario_01 SUSP 11/12 ITU   PALIOU PROPORCIONAL,5.67294893999414e-05
107,COMORBIDADES_ARTRITE REUMATOIDE,5.658041963350068e-05
892,prontuario_02 SUSP UMA FALTA MESA DE TRAÇÃO E OUTRA AVANÇO DE HORÁRIO,5.6452512780009976e-05
51,CIRURGIA_OSTEOSINTESE FEMUR E,5.609577850871475e-05
473,COMORBIDADES_HAS/HIPOTIREOIDISMO / OBESIDADE,5.566786412172149e-05
1088,prontuario_FEZ DSPNEIA POI TC TORAX FICOU COMO ENFISEMA FEZ ITU ,5.5654368808197855e-05
811,prontuario_01 SUSP DEVIDO USO MAREVAN DIA 12/05,5.528194321313493e-05
1284,prontuario_TEVE CIRURGIA SUSPENSA PO RECENTE PTQ D CAIU FX FEMUR ESQUERDOOPTOU-SE POR PALIAÇÃO 60 DIAS DE INTERNAÇÃO,5.413627382203971e-05
445,COMORBIDADES_HAS/DM/PARKINSON,5.410465789570242e-05
104,COMORBIDADES_ARRTMIA/HAS/DLP/HIPOTIREIDISMO,5.309568779963693e-05
1283,"prontuario_TEVE CIRURGIA SUSPENSA DUAS VEZES DEVIDO AVANÇO HORÁRIO, FEZ IRA DIALITICA",5.2268593020525394e-05
393,COMORBIDADES_HAS/DM/CIRROSE/ARRTMIA/ANTICOAGULADO,5.207890954165278e-05
551,COMORBIDADES_HIPOTIREOIDISO/ANTECEDENTE TU CEREBRAL,5.101638892944891e-05
1214,prontuario_QUEBROU TAMBEM MEMBRO SUPERIOR,5.0866906059195415e-05
452,COMORBIDADES_HAS/DM/USO ALENDRONATO,5.0851799773746624e-05
775,"prontuario_01 SUSP 14/06, PTQ CONTRALATERAL EM 2020",5.0684583935210737e-05
236,COMORBIDADES_EPLEPSIA/HAS,5.050743391119517e-05
503,COMORBIDADES_HAS/IRC,5.0377256975706125e-05
471,COMORBIDADES_HAS/HIPOTIEOIDISMO,5.0258531399761514e-05
997,"prontuario_CIRURGIA DEMOROU PQ PAC TINHA CIR PREGRESSA E NECESSITAVA MATERIAL ESPECIFICO PARA RETIRADA DE MATERIAL DE SINTESE, DEMOROU PARA CONSEGUIR LAUDO CIRURGIA PREGRESSA RETORNO AMBULATORIAL OK",4.982622955620516e-05
296,COMORBIDADES_HAS/ALZHEIMER/DEMENCIA AVANÇADA,4.976329068193721e-05
906,prontuario_AGUDIZOU IRC,4.801637070281748e-05
483,COMORBIDADES_HAS/IAM/CHAGAS/HIPOTIEREOIDISMO/AVC,4.734147519139105e-05
842,prontuario_01 SUSP ITU 28/08,4.7198933568539936e-05
549,COMORBIDADES_HIPOTIREOIDISMO/HAS/ESQUIZOFRENIA,4.7115838750188544e-05
881,prontuario_01 SUSPENSÃO POR PROVA CRUZADA POSITIVA NA TIPAGEM SANGUINEA,4.692135342152166e-05
1044,prontuario_EVOLUIU COM ITU + SESE,4.653178901188647e-05
610,COMORBIDADES_OSTEOPOROSE ALENDRONATO,4.643696070385463e-05
942,prontuario_BOA EVOLUÇÃO AMB OK,4.600851259330758e-05
552,COMORBIDADES_HIV+,4.583304080233955e-05
1379,queda propria altura_Sim,4.575699181961718e-05
486,COMORBIDADES_HAS/IAM/IRC,4.561382981959867e-05
699,MÊS_janeiro,4.543507497519451e-05
1277,"prontuario_TEVE ALTA, REINTERNOU 27/10 INFECÇÃO FO, FEZ CIRURGIA DE LIMPEZA DIA 01/11 COM REVISÃO PROTESE ACETABULO, FEZ IRA E ITU REVERTIDA RETORNOU BEM AMBULATÓRIO",4.509580345061363e-05
125,COMORBIDADES_AVCRECENTE,4.4850525851355894e-05
258,COMORBIDADES_HAAS/DM,4.43461382290618e-05
1322,"prontuario_UMA SUSPENSAO, NÃO RETORNOU AMBULATORIAL ",4.369895322177483e-05
806,prontuario_01 SUSP BCP,4.291926291161666e-05
1075,prontuario_FEZ ARTROPLASTIA OMBRO DIA 19/12,4.279934647013292e-05
362,COMORBIDADES_HAS/DLP/ALZHEIMER,4.261797714327734e-05
871,prontuario_01 SUSPENSÃO FALTA EXAMES BOA EVOLUÇÃO AMBULATORIAL,4.2481313168884666e-05
637,COMORBIDADES_TABAGISMO/ETILISMO/DEFICIT,4.240306721075772e-05
1072,prontuario_FEZ ANEMIA ITU ESCARA SACRAL,4.2308365911506216e-05
761,prontuario_01 SUSP 07/02 PARTO CESAREA ,4.218203099051161e-05
1356,prontuario_UMA SUSPENSÃO POR PIÚRIA CONFIRMOU COVID !!!!!,4.196174403544984e-05
954,prontuario_BOA EVOLUÇÃO AMBULATORIAL/ CRITERIOS PALIAÇÃO MASSA PULMONAR,4.185407710971666e-05
1231,prontuario_RETORNO AMBULATÓRIO 09/02 OK,4.172940675177192e-05
905,prontuario_AGUARDA RETORNO AMBULATORIO,4.151440680243586e-05
537,COMORBIDADES_HAS/TABAGISMO/DPOC,4.129306470238603e-05
1027,"prontuario_DUAS SUSPENSÕES POR DIARREIA, AVC COM REBAIXAMENTO POI ISQUEMICO",4.1239066516639184e-05
345,COMORBIDADES_HAS/CIR FORAME OVAL PATENTE/OSS FEMUR E 2012,4.1019379862883575e-05
1035,prontuario_EVOLUIU CHOQUE PÓS-OPERATÓRIO EVOLUINDO A ÓBITO,4.094842279137227e-05
520,COMORBIDADES_HAS/OBESIDADE/HIPOTIREOIDISMO,4.086253011025488e-05
796,prontuario_01 SUSP 28/10 HAS SOLICITADO US RENAL FEZ IRA ,4.07363241415052e-05
70,COMORBIDADES_ALZHEIMER / HAS,4.0578794482592565e-05
1247,prontuario_SUSP POR PIURIA TEVE FEBREBOA EVOLUÇÃO AMBULATORIAL,3.979274786843744e-05
324,COMORBIDADES_HAS/ASMA,3.9313409573744895e-05
1309,"prontuario_UMA SUSP 10/04 E OUTRA DIA 15/04 AMBAS DEVIDO RNI ALTERADO (FAZIA USO DE MAREVAN) , ALTA BEG COM XARELTO",3.926615785813684e-05
423,COMORBIDADES_HAS/DM/HPB,3.891912944603528e-05
1058,prontuario_EVOLUIU ITU + SEPSE PULMONAR + TOT PALIOU,3.8563744778372e-05
998,"prontuario_CIRURGIA FOI SUSPENSA DEVIDO ANEMIA HB 8,3 AMBULATORIO OK",3.8140556554976094e-05
857,prontuario_01 SUSPENSÃO 10 DE ABRIL FALTA DE MATERIAL,3.8108851641386314e-05
1162,"prontuario_NESTESIA AVALIOU NA CHEGADA AO HOSPITAL, DSPNEIA AO FALAR ",3.79854410000586e-05
1117,prontuario_FEZ USO DE MEONEM 05 DIAS NO POS OPERATORIO,3.70842233790299e-05
987,"prontuario_CHEGOU COM ITU EM TT/O CIR SUSPENSA POR AVANÇO HORÁRIO DIA 08, OPEROU DIA 10,FOI PARA UTI, INTERROGADO AVC NA UTI EVOLUIU A ÓBITO ",3.6532034331358166e-05
562,COMORBIDADES_ICC/,3.637717745176953e-05
234,COMORBIDADES_EPILEPSIA/PARKINSON,3.5896575422721736e-05
221,COMORBIDADES_DM/TABAGISMO,3.5342537449711256e-05
747,INFECÇÃO FO_SIM!!!,3.5303264423999444e-05
1335,prontuario_UMA SUSPENSÃO DEVIDO CARDIOPATIA BOA EVOLEÇÃO AMBULATORIAL,3.483382517044145e-05
1342,prontuario_UMA SUSPENSÃO EXAMES,3.412570388224358e-05
600,COMORBIDADES_NEO MAMA/HIPOTIREOIDISMO,3.3580837185427564e-05
559,COMORBIDADES_IAM/HAS/ALZHEIMER,3.2789657943546705e-05
826,prontuario_01 SUSP FALTA MATERIAL EQUIPE JULGOU SER NECESSÁRIA POSSIBILIDADE DE PROTESE DE REVISAO ESTAR DISPONIVEL,3.2681919681718816e-05
237,COMORBIDADES_EPLEPSIA/INSTITUCIONALIZADO,3.2678442154245374e-05
380,COMORBIDADES_HAS/DM/ARRTMIA,3.251873638813706e-05
769,"prontuario_01 SUSP 12/07 EVACUAÇÃO EM SALA, PASSOU TRAÇÃO ESQUELÉTICA NO DIA",3.230749953079799e-05
933,prontuario_BOA EVOLUÇAO NO AMBULATORIO,3.2305608289516776e-05
1161,"prontuario_NEFROLOGIA SUSPENDEU CIRURGIA DIA 31/01/2018, SO OPEROU DEPOIS DE 01 SEMANA, FOI DE ALTA DA SEMI PARA ENFERMARIA DE CLINICA MÉDICA DIA 11/02 ESTAVA BEM APRESENTOU DESCONFORTO RESPIRATORIO SUBITO EVOLUINDO A ÓBITO PROVAVEL TEP",3.1767505965479186e-05
410,COMORBIDADES_HAS/DM/DPCO,3.119780146750241e-05
1227,prontuario_RETORNO AMBULATORIO ,3.0724256930990426e-05
1215,"prontuario_QUEDA 17/05 LUXOU OMBRO, CAIU DE NOVO EM 19/05 E QUEBROU FEMUR TT/O CONSERVADOR OMBRO",3.0276155779556226e-05
862,prontuario_01 SUSPENSÃO 24 DE MAIO FALTA DE SEMI ? SEXTA FEIRA ,2.9530308385210397e-05
1133,prontuario_FX RADIO TT/O CONSERVADOR,2.9132115747990123e-05
1085,prontuario_FEZ DELIRIUM POS OPERATORIO HIPERNATREMIA ALTERAÇÃO FUNÇÃO HEPÁTICA,2.9045685803909373e-05
863,prontuario_01 SUSPENSÃO AVANÇO HORÁRIO,2.881789760609621e-05
359,COMORBIDADES_HAS/DISLIPIDEMIA,2.7516456240669497e-05
194,COMORBIDADES_DM/HAS/DLP,2.727616804075035e-05
953,"prontuario_BOA EVOLUÇÃO AMBULATORIAL, TEVE UMA SUSPENÇÃO DEVIDO CLINICA NÃO TER VISTO NO FIM DE SEMANA E NÃO TER PRESCRITO ROCEFIN PARA ITU",2.70928273883764e-05
1110,prontuario_FEZ TAQUIARRTMIA NA RPA DEPOIS BCP ALTA OK ,2.6681214663897163e-05
304,COMORBIDADES_HAS/ALZHEIMER/ITU,2.6600532665612447e-05
1195,"prontuario_PACIENTE COM TUMOR GASTRICO HÁ 03 ANOS, OPÇÃO DO PACIENTE NÃO TRATAR TINHA JÁ METASTASE ABDOMINAL, NÃO RETORNOU AMBULATORIO",2.6581767988327465e-05
372,COMORBIDADES_HAS/DM /FA / HIPOTIREOIDISMO,2.616002695305189e-05
831,prontuario_01 SUSP HAS 18/12,2.580041846947605e-05
790,prontuario_01 SUSP 25/11 FALTA SEMI  01 SUSP 27/11 FALTA SEMI  01 SUSP 29/11 MATERIAL SUJO,2.5487251859610074e-05
178,COMORBIDADES_DM/AVCIHAS/HIPOTIREOIDISMO/ALZHEIMER,2.4064703061375945e-05
579,COMORBIDADES_INSTITUCIONALIZAO,2.304471748692985e-05
224,COMORBIDADES_DPOC DEPENDENTE O2,2.3031438741704765e-05
133,COMORBIDADES_CONVULSAO,2.239835531792385e-05
197,COMORBIDADES_DM/HAS/ESQUIZOFRENIA,2.120341445405497e-05
1000,"prontuario_CIRURGIA SUSPENSA DIA 02 POIS PACIENTE NÃO SEGUIU JEJUM, OPEROU DIA 4 ALTA DIA 7 RETORNO AMB OK",1.9823040690758336e-05
142,COMORBIDADES_DEMENCIA SENIL,1.9108470884713753e-05
1082,prontuario_FEZ COVID + SEPSE PULMONAR + IRA,1.8105891086068926e-05
770,prontuario_01 SUSP 12/11 AVANÇO HORÁRIO,1.798741632443785e-05
270,COMORBIDADES_HAS CUIDADOR,1.5511735871171043e-05
828,"prontuario_01 SUSP FALTA SOLICITAÇÃO SANGUE 21-06, FEZ SEPSE FOCO PULMONAR ",1.5224066168072993e-05
513,COMORBIDADES_HAS/MIOCARDIOPATIA/PARKINSON,1.4942153057669568e-05
1149,prontuario_ITU 01 SUSP BOA EVOLUÇÃO AMBULATORIAL,1.4792183424102164e-05
646,COMORBIDADES_USUARIO DROGAS ILICITAS,1.4656725887235143e-05
306,COMORBIDADES_HAS/ALZHEIMER/NEO INTESTINO,1.4258988541923737e-05
1184,prontuario_OPEROU FEZ CIVD + IRA ,1.3668771290099612e-05
303,COMORBIDADES_HAS/ALZHEIMER/IRA/PLAQUETOPENIA/,1.3531309784759215e-05
606,COMORBIDADES_OAC/ALZHEIMER+HAS,1.2934232835764895e-05
232,COMORBIDADES_EPILEPSIA,1.2832485362505343e-05
95,COMORBIDADES_ALZHEIMER/SUSPEITA TEP INTERNAÇÃO,1.2783063115610887e-05
307,COMORBIDADES_HAS/ALZHEIMER25/01/2018,1.2296381367210825e-05
1310,"prontuario_UMA SUSP 19/03 SOLICITADO TC TORAX, TRATOU BCP ",1.2036512908659827e-05
647,COMORBIDADES_USUÁRIO DROGAS,1.1488200640203208e-05
917,prontuario_ANESTESIA AVALIOU NO DIA DA INTERNAÇÃO,1.1162462938698815e-05
525,COMORBIDADES_HAS/PARKINSON/HIPOTIREOIDSMO,9.717069011339954e-06
1144,prontuario_INFECÇÃO PRÓTESE NECESSITANDO RETIRADA DA MESMA ,8.996159916091862e-06
47,CIRURGIA_LUXAÇÃO CRUENTE,8.025413812899883e-06
149,COMORBIDADES_DEMENCIA/HAS/ASMA,7.919783722273842e-06
1198,"prontuario_PACIENTE REINTERNOU DIA 29/09 SENDO REOPERADA DIA 04/10 SENDO RETIRADO DHS E RESSECADO CABEÇA DE FEMUR, PACIENTE NÃO DEAMBULADORA",6.623049424772536e-06
309,COMORBIDADES_HAS/ANEURISMA AORTA TORACICA,6.3551125693657655e-06
820,"prontuario_01 SUSP FALTA CONDIÇÃO CLÍNICA, FEZ HDA E INS. RESP. COVID +++++ ",4.6280295843004885e-06
777,prontuario_01 SUSP 15/05 POR PICO HAS OPEROU DIA 20/05 ALTA ORTOPEDIA 24/05 SEGUIU CUIDADOS NRC QUE EVIDENCIOU HSD PPEROU NRC EVOLUINDO FALENCIA MULTIPLOS ORGÃOS,3.81500867929555e-06
308,COMORBIDADES_HAS/AMAUROSE E,3.431726204021114e-06
198,COMORBIDADES_DM/HAS/HIPOTIREOIDISMO,2.5909918264093516e-06
590,COMORBIDADES_IRC/ALZHEIMER,1.9475843354552906e-06
346,COMORBIDADES_HAS/CIRROSE/DM/,1.7274152359602203e-06
1208,prontuario_POLITRAUMA TCE FX COLUNA FX PELVE COPNSERVADOR FX UMERO OPEROU DIA DOIS DE AGOSTO,9.115594151431996e-07
821,"prontuario_01 SUSP FALTA DE MATERIAL EQUIPE ACHOU QUE PODERIA SER NECESSARIO PROTESE DE REVISAO / OPEROU PROTESE NORMAL, NO PRIMEIRO PO FEZ DSPNEIA SUBITA E EVOLUIU A ÓBITO",0.0
370,COMORBIDADES_HAS/DLP/NEO MAMA 2019,0.0
161,COMORBIDADES_DEPRESSAÕ,0.0
1360,prontuario_UMA SUSPENSÃO QUEBRA JEJUM POR PARTE PACIENTE,0.0
360,COMORBIDADES_HAS/DISLIPIDEMIA/ETILISMO,0.0
822,prontuario_01 SUSP FALTA DE SANGUE,0.0
1357,prontuario_UMA SUSPENSÃO POR TER EVACUADO NA SALA BOA EVOLUÇÃO AMBULATORIAL,0.0
357,COMORBIDADES_HAS/DEPRESSÃO/ODESIDADE,0.0
157,COMORBIDADES_DEMENCIA/SEQUELA AVC,0.0
163,COMORBIDADES_DEPRESSÃO + USO DE ALENDROATO,0.0
158,COMORBIDADES_DEMENCIA/TABAGISMO,0.0
1311,prontuario_UMA SUSP 27/03 BOA EVOLUÇÃO AMBULATORIAL,0.0
349,COMORBIDADES_HAS/DAC/,0.0
347,COMORBIDADES_HAS/CONVULSÃO,0.0
800,"prontuario_01 SUSP ALTERAÇÃO COAGULOGRAMA, TIVEMOS QUE ACIONAR SERVIÇO SOCIAL PARA ALTA ",0.0
841,prontuario_01 SUSP ITU 23/08 EVOLUIU IRA NECESSITOU ECO TT NO POS OPERATORIO,0.0
338,COMORBIDADES_HAS/CA PRÓSTATA,0.0
175,COMORBIDADES_DM+DEMENCIA,0.0
1238,prontuario_RETORNOU APÓS 04 DIAS COM BCP EVOLUINDO COM INFECÇÃO E SEPSE FOI A OBITO DIA 29/09/2018,0.0
174,COMORBIDADES_DM HAS DLP,0.0
799,prontuario_01 SUSP 29/11 EVACUOU SALA  01 SUSP 02/12 EVACUOU SALA 01 SUSP 04/12 BAIXA SATURAÇ]AP ,0.0
343,COMORBIDADES_HAS/CARDIOPATIA/MARCAPASSO,0.0
1350,"prontuario_UMA SUSPENSÃO PO TARDIO DHS SEM COMNSOLIDAÇÃO, INFECÇÃO QUE NECESSITOU REABORDAGEM RETORNO AMBULATORIAL OK ",0.0
1234,prontuario_RETORNO AMBULTÓRIO OK ,0.0
171,COMORBIDADES_DLP/TABAGISMO,0.0
25,FAIXA_ETARIA_37-55,0.0
1352,"prontuario_UMA SUSPENSÃO POR EVACUAÇÃO EM SALA, FEZ ITU FAZENDO USO DE TAZOCIN",0.0
167,COMORBIDADES_DISLIPIDEMIA,0.0
379,COMORBIDADES_HAS/DM/ARRITMIA,0.0
788,prontuario_01 SUSP 23/05 HAS,0.0
781,prontuario_01 SUSP 16/12 EVACUOU SALA ,0.0
1363,prontuario_UMA VEZ SUSPENSA FALTA UTI - MULTIPLAS MORBIDADES BOA EVOLUÇÃO AMBULATORIAL,0.0
1196,prontuario_PACIENTE MULTIPLAS COMORBIDADES COVID RECENTE QUADRO ANEMIA E ACIDOSE METABPPOLICA ,0.0
1369,"prontuario_reinternou dia 29-09 com fx periprotetica por soltura de parafuso dhsoperou 04/10 para retirada dhs e colocação prótese, alta 06/10 retorno ambulatório ok",0.0
1194,prontuario_PAC INSTITUCIONALIZADA HÁ MAIS DE 10 ANOS ,0.0
1193,prontuario_PAC EVOLUIU COM FX PERIPROTETICA TEVE QUE REVISAR 11/01 ESTAVA BEM EVOLUIU PCR SUBITA INESPERADA NA ENFERMARIA ,0.0
772,prontuario_01 SUSP 13/07 FALTA FAMILIAR  01 SUSP 15/07 FALTA SEMI,0.0
141,COMORBIDADES_DEMENCIA LEVE,0.0
1190,"prontuario_PAC CHEGOU CREATININA 8,6 OPEROU FEZ TEP CONFIRMADA E FOI ANTCOAGULADA ",0.0
140,COMORBIDADES_DEMENCIA DM HPB,0.0
408,COMORBIDADES_HAS/DM/DLP/DPOC/HPB/ITU REPETIÇÃO,0.0
1188,"prontuario_PAC CHEGOU COM FLUTTER ATRIAL SENDO ENCAMINHADO SEMI, SUSPEITA DE TEP HUM DIA ANTES ÓBITO",0.0
24,FAIXA_ETARIA_23-36,0.0
23,FAIXA_ETARIA_13-22,0.0
1187,prontuario_OPTADO POR PALIAÇÃO COM FAMILIARES,0.0
1376,queda propria altura_Não,0.0
132,COMORBIDADES_CONFUSÃO MENTAL,0.0
1183,prontuario_OPEROU EVOLUIU COM INFECÇÃO FO NECESSITOU RETIRAR A PRÓTESE EVOLUINDO COM MÚLTIPLAS INFECÇÕES E ÓBITO,0.0
145,COMORBIDADES_DEMENCIA/ARRTMIA,0.0
1197,"prontuario_PACIENTE OPEROU DUAS VEZES EM 2016, EVOLUIU COM SOLTURA DE PROTESE, INTERNOU PARA NOVA PROTESE, NO INTRA-OPERATORIO VISUALIZADO GRANDE QUANTIDADE DE PÚS, OPTADOPOR RETIRADA DA PRÓTESE, RETORNO AMBULATPRIO OK",0.0
785,prontuario_01 SUSP 19/07 POR DELIRIUM + REBAIXAMENTO 01 SUSP 21/07 AVANÇA HORÁRIO ,0.0
398,COMORBIDADES_HAS/DM/DEMENCIA SENIL,0.0
156,COMORBIDADES_DEMENCIA/PANCITOPENIA/,0.0
332,COMORBIDADES_HAS/AVC/HPB/GOTA,0.0
1213,prontuario_PROCURA ESPONTANEA PA ,0.0
1212,"prontuario_PRECISOU TRANSFUNDIR NO PÓS-OPERATÓRIO, REINTERNOU DEPOIS DE 20 DIAS NA CM COM ITU,E TVP, NECESSITOU FILTRO DE VEIA CAVA, REINTERVENÇÃO PARA DRENAR HEMATOMA, NÃO RETORNOU AMBULATÓRIO. NETS ULTIMA INTERNAÇÃO ALTA DIA 19/10",0.0
384,COMORBIDADES_HAS/DM/AVC 03 MESES,0.0
1210,prontuario_POSTERIORMENTE EM ABRIL REINTERNOU COM FX PERIPROTETICA NECESSITANDO PTQ COM BOA EVOLUÇÃO DIAGNOSTICO FOI NECROSE ASSÉPTICA CABEÇA DE FEMUR IDIOPATICA ,0.0
851,prontuario_01 SUSP POR ITU 11/10,0.0
386,COMORBIDADES_HAS/DM/AVC/AFASIA,0.0
1365,prontuario_VAGA ZERO NRC TCE TINHA TB FX COLO FEMUR,0.0
387,COMORBIDADES_HAS/DM/AVC/CONVULSÃO,0.0
392,COMORBIDADES_HAS/DM/CHAGAS/DLP/ENFISEMA,0.0
394,COMORBIDADES_HAS/DM/CORONARIOPATIA,0.0
151,COMORBIDADES_DEMENCIA/HAS/DM/DRC/HIPOTIREOIDISMO,0.0
1201,prontuario_PALIOU NA ENFERMARIA FEZ SUBOCLUSÃO,0.0
397,COMORBIDADES_HAS/DM/DEMENCIA LEVE,0.0
333,COMORBIDADES_HAS/AVC/ICC/ARRTMIA,0.0
177,COMORBIDADES_DM/ALZHEIMER,0.0
1244,prontuario_SEPSE/BCP,0.0
1295,"prontuario_TEVE RETORNO NO AMBULATORIO OK, POSTERIORMENTE INTERNOU NA CLINICA MEDICA COM SEPSE URINARIA E PULMONAR EVOLUINDO A OBITO",0.0
218,COMORBIDADES_DM/PO AMP MID,0.0
1292,"prontuario_TEVE QUE FAZER GASTROSTOMIA NO POS OPERATORIO, DEMOROU PARA OPERAR DEVIDO REBAIXAMENTO NIVEL CONSCIENCIA, AVALIADA PELA NEURO",0.0
257,COMORBIDADES_GLAUCOMA/HIPERPLASIA PROSTATICA,0.0
217,COMORBIDADES_DM/PARKINSON,0.0
1289,prontuario_TEVE HEMATURIA NA SONDAGEM VESICAL,0.0
260,COMORBIDADES_HAS + DM ,0.0
216,COMORBIDADES_DM/ICO/HAS/IRC DIALITICA PERITONEAL,0.0
1287,"prontuario_TEVE DUAS SUSPENSÕES, UMA POR HORÁRIO AVANÇADO A SEGUNDA FALTA DE TERMO, EVOLUIU COM PALIAÇÃO",0.0
263,COMORBIDADES_HAS / / ALCOOLISMO/CONVULSÃO,0.0
1285,"prontuario_TEVE CIRURGIA SUSPENSA, NÃO OPEROUE EVOLUIU A OBITO ",0.0
809,prontuario_01 SUSP DEVIDO ITU,0.0
214,COMORBIDADES_DM/ICO/DEPRESSAO/HAS,0.0
1282,prontuario_TEVE CIRURGIA SUSPENSA DUAS VEZES,0.0
264,COMORBIDADES_HAS / DAC,0.0
1181,prontuario_OPEROU E REBAIXOU PÓS-OPERATÓRIO ACABOU PALIANDO,0.0
1294,prontuario_TEVE QUE REPROGRAMAR TRES VEZES DEVIDO IRA NÃO RETORNOU AMBULATÓRIO,0.0
253,COMORBIDADES_FIBROMIALGIA,0.0
329,COMORBIDADES_HAS/AVC 10 MESES,0.0
813,prontuario_01 SUSP DIARREIA SALA,0.0
1306,prontuario_TRATOU BCP ANTES CIRURGIA ,0.0
1305,prontuario_TRANSFRERIDA PARA HOSPITAL MARIO COVAS,0.0
233,COMORBIDADES_EPILEPSIA/INSTITUCIONALIZADA/ALZHEIMER,0.0
239,COMORBIDADES_ESQUIZOFRENIA INSTITUCIONALIZADA,0.0
1316,"prontuario_UMA SUSPENSAO AVANÇO HORARIO, BOA EVOLUÇÃO AMBULATORIAL",0.0
1317,"prontuario_UMA SUSPENSAO DEVIDO ENTRADA DE URGENCIA. BOA EVOLUÇÃO AMBULATORIAL, EM 10/06 APRSENTOU FX PERIPROTETICA SENDO REOPERADO 19/06 COM AO EVOLEÇÃO",0.0
124,COMORBIDADES_AVCI/ARRTMIA/PARKINSON,0.0
1302,"prontuario_TINHA LESÃO DE PERNA COM ÁREA CRUENTA EXPOSTA TAMBÉM, TALVEZ NÃO CAIBA NO PROTOCOLO BOA EVOLUÇÃO PÓS-OPERATÓRIA ",0.0
1301,"prontuario_TINHA FX ÚMERO, FAZIA USO DE CLOPIDOGREL DEVIDO ATP PREGRESSA, ÚMERO FOI CONSERVADOR",0.0
1318,"prontuario_UMA SUSPENSAO DEVIDO ESCABIOSE, EVOLUIU COM FALENCIA MULTIPLA ORGAOS",0.0
1319,"prontuario_UMA SUSPENSAO PA 200X100/POSTERIORMENTE OPEROU E TEVE ALTA/ REINTERNOU APÓS UMA SEMANA COM ITU TARTADA PELA CLINICA, DESCARTADO INFECÇÃO PRÓTESE OBTEVE ALTA AINDA NÃO RETORNOU AMBULATORIO  ",0.0
249,COMORBIDADES_EX TABAGISTA E ETILISTA,0.0
226,COMORBIDADES_DPOC/CA PROSTATA/SEQUELA AVC,0.0
829,prontuario_01 SUSP FALTA UTI,0.0
252,COMORBIDADES_FA/ICC/ARRITMIA/HAS,0.0
1280,prontuario_TEVE CIR SUSPENSA DEVIDO COMORBIDADES BOA EVOLUÇÃO AMBULATORIAL,0.0
265,COMORBIDADES_HAS / DM,0.0
269,COMORBIDADES_HAS CARDIOPATIA ICC,0.0
213,COMORBIDADES_DM/IAM,0.0
1336,prontuario_UMA SUSPENSÃO DEVIDO FALTA SANGUE - PROVA CRUZADA POSITIVA,0.0
292,COMORBIDADES_HAS/ALZHEIMER/ARRTIMA ,0.0
839,prontuario_01 SUSP ITU 15/12,0.0
301,COMORBIDADES_HAS/ALZHEIMER/ICC,0.0
302,COMORBIDADES_HAS/ALZHEIMER/ICC/MARCAPASSO,0.0
1338,"prontuario_UMA SUSPENSÃO DEVIDO QUEDA SATURAÇÃO SALA, TRATOU ITU COM TAZOCIN",0.0
196,COMORBIDADES_DM/HAS/DPOC,0.0
305,COMORBIDADES_HAS/ALZHEIMER/IVC,0.0
195,COMORBIDADES_DM/HAS/DLP/HIPOTIREOIDISMO,0.0
181,COMORBIDADES_DM/DISTURBIO BIPOLAR,0.0
312,COMORBIDADES_HAS/ARRITIMIA/DEMENCIA,0.0
315,COMORBIDADES_HAS/ARRTIMIA,0.0
1248,prontuario_SUSPEITA COVID,0.0
814,prontuario_01 SUSP DM DESCOMPENSADO 24/02,0.0
823,prontuario_01 SUSP FALTA DE SEMI UMA SUSP GLICEMIA ALTERADA,0.0
1262,prontuario_SUSPENSÃO POR SUSPEITA IAM DEVIDO NOVO BLOQUEIO ,0.0
291,COMORBIDADES_HAS/ALZHEIMER/ARRITMIA/DLP,0.0
1264,prontuario_TC TÓRAX PNEUMOTÓRAX D FX COSTELA PRECISOU DRENAR ,0.0
1331,"prontuario_UMA SUSPENSÃO AVANÇO HORÁRIO, BOA EVOLUÇÃO AMBULATORIAL",0.0
817,"prontuario_01 SUSP EVACUAÇÃO SALA, LESÃO CEREBRAL EVOLUIU COM PALIAÇÃO",0.0
1275,"prontuario_TEVE ALTA E RETORNOU EM 02 DIAS COM PROTESE LUXADA , FOI REOPERADO 25/09/2017, TEVE ALTA 29/09, BOA EVOLUÇAO NO AMBULATÓRIO",0.0
805,"prontuario_01 SUSP AVANÇO HORÁRIO, CASO SOCCIAL ALTA 19 SO SAIU DIA 24",0.0
1273,prontuario_TEVE ALTA DA SEMI E RETORNOU NO DIA SEGUINTE COM DESATURAÇÃO E BRADICARDIA ,0.0
1272,prontuario_TEVE ALTA BOA EVOLUÇÃO COM RETORNO AMBULATORIAL OK,0.0
275,COMORBIDADES_HAS EPLEPSIA AVCH COM CRANIOTOMIA PREGRESSO,0.0
276,COMORBIDADES_HAS LONGA DATA,0.0
802,prontuario_01 SUSP AVANÇO HORARIO BOA EVOLUÇÃO AMBULATORIAL,0.0
1269,prontuario_TESTEMUNHA JEOVÁ/FX UMERO CONCOMITANTE 01 SUSP 26/06 AVANÇO HORÁRIO/01 SUSP OMBRO DIA 14/07 FALTA UTI,0.0
1332,"prontuario_UMA SUSPENSÃO AVANÇO HORÁRIO, NOPÓS-OPERATÓRIO FEZ ANEMIA QUE NECESSITOU UMA BOLSA DE CONCENTRADA GLÓBULOS ",0.0
204,COMORBIDADES_DM/HAS/IRC/PO TARDIO AMP MIE,0.0
1268,prontuario_TEP CONFIRMADO,0.0
278,COMORBIDADES_HAS+ ARRTMIA,0.0
803,prontuario_01 SUSP AVANÇO HORÁRIO ,0.0
417,COMORBIDADES_HAS/DM/ESQUIZOFRENIA,0.0
438,COMORBIDADES_HAS/DM/LABIRINTITE,0.0
768,"prontuario_01 SUSP 12/04 POR AVANÇO DE HORÁRIO/ retornou dia 03/05 pois pisou sem orientação médica e refraturou membro, no dia 08/05 nova falha centro cirurgico suspensao avanço horario, retirou a protese em 15/05/2019, teve alta dia 17/05, internou novamente 07/06/2019 para limpeza cirurgica",0.0
1025,"prontuario_DUAS SUSPENSPES, UMA POR FALTA DE AVISO OUTRA DEVIDO FERAS TORÃO E SER SEXTA (BARONE NÃO FAZ PTQ SOZINHO)",0.0
77,COMORBIDADES_ALZHEIMER/DEMENCIA AVANÇADA,0.0
1022,prontuario_DUAS SUSPENSOES POR EVACUAÇÃO SALA,0.0
1021,prontuario_DRC AGUDIZADA REVERTIDA,0.0
565,COMORBIDADES_ICC/HAS,0.0
80,COMORBIDADES_ALZHEIMER/DLP/HIPOTIROIDISMO,0.0
567,COMORBIDADES_ICC/HAS/ARRTMIA/ALZHEIMER,0.0
1016,prontuario_DEVIDO CARDIOPATIA POS OPERATORIO PROLONGADO,0.0
568,COMORBIDADES_ICC/HAS/DEMENCIA,0.0
571,COMORBIDADES_ICC/HEPATOPATA/ICC/IRC,0.0
1013,prontuario_DESSATURAÇÃO + HIPOTENSÃO,0.0
572,COMORBIDADES_ICC/HPB,0.0
574,COMORBIDADES_ICC/IRC/COVID RECENTE ULSERA SACRAL,0.0
575,COMORBIDADES_ICO/HAS/,0.0
578,COMORBIDADES_INSTITUCIONALIZADA,0.0
585,COMORBIDADES_IRC ALZHEIMER,0.0
587,COMORBIDADES_IRC DIALITICA/HAS/DM/DAC,0.0
1005,prontuario_CIRURGIA SUSPENSA VARIAS VEZES POR FALTA DE CONDIÇÃO CLINICA COMPLICOU POS OPERATORIO,0.0
1004,prontuario_CIRURGIA SUSPENSA POR BCP + ICC/MELHOROU/OPEROU/RETORNO AMBULATORIAL OK,0.0
1003,"prontuario_CIRURGIA SUSPENSA EM 30/11/2018, POR FALTA DE VAGA DE UTI. BOA EVOLUÇÃO AMBULATORIAL",0.0
911,prontuario_ALTA EM BOAS CONDIÇÕES NÃO RETORNOU AMBULATÓRIO,0.0
588,COMORBIDADES_IRC DIALITICA/PORTADOR MARCAPASSO/AVCI PREGRESSO/DM,0.0
564,COMORBIDADES_ICC/ARRTMIA/HAS,0.0
1026,prontuario_DUAS SUSPENSÕES AGUARDANDO ECO BOA EVOLUÇÃO AMBULATORIAL,0.0
84,COMORBIDADES_ALZHEIMER/DPOC,0.0
1028,prontuario_ESTAVA BEM PORÉM EVOLUIU COM FX PERIPROTETICA NECESSITANDO PTQ EM 11/04 COM BOA EVOLUÇÃO AMBULATORIAL,0.0
529,COMORBIDADES_HAS/PROSTATISMO,0.0
889,prontuario_02 SUSP FALTA DE MATERIAL,0.0
533,COMORBIDADES_HAS/SEQUELA AVCH/ CRISE CONVULSIVA,0.0
1052,prontuario_EVOLUIU COM SEPSE E OBITO,0.0
1051,"prontuario_EVOLUIU COM REBAIXAMENTO NIVEL DE CONSCIENCIA E SUSPEITA MORTE ENCEFALICA, PRIMEIRA TC NORMAL, DOIS DIAS DEPOIS AVC ISQUEMICO HEMISFERICO EXTENSO ",0.0
48,CIRURGIA_NÃO,0.0
49,CIRURGIA_OSTEOSINTESE FEMUR DIREITO,0.0
540,COMORBIDADES_HAS/TU PROSTATA,0.0
52,CIRURGIA_OSTOSINTESE FEMUR,0.0
1045,prontuario_EVOLUIU COM LUXAÇÃO DA PROTESE NECESSITANDO PROTESE DE REVISAO EM AGOSTO ,0.0
53,CIRURGIA_PTD D,0.0
65,CIRURGIA_RETIRADA PTQ,0.0
546,COMORBIDADES_HIPOTIREOIDISMO HAS CHAGAS,0.0
548,COMORBIDADES_HIPOTIREOIDISMO/DEMENCIA,0.0
900,prontuario_03 SUSPENSÓES FEZ ITU,0.0
66,CIRURGIA_REVISAO PTQ,0.0
69,COMORBIDADES_ALZHEIMER ,0.0
74,COMORBIDADES_ALZHEIMER/ARTRITE REUMATÓIDE,0.0
1033,prontuario_EVOLUIU BCP + CHOQUE E ÓBITO,0.0
907,prontuario_AINDA INTERNADO NECESSITOU RETIRAR A PRÓTESE SEGUE EM ATB 13/04,0.0
555,COMORBIDADES_HPB/TREMOR ESSENCIAL,0.0
589,COMORBIDADES_IRC/ HAS/ALZHEIMER,0.0
995,"prontuario_CIR SUSPENSA DIA 12,NÃO RETORNOU AMBULATÓRIO,ENTRO CONTATO 975019180, ESTA FAZENDO SEGUIMENTO NO HOSPITAL MUNICIPAL, ESTA BEM ",0.0
887,prontuario_01 SUSPENSÇAO HIPERCALEMIA SEPSE URINARIA E PULMONAR POS OPERATORIA COM DISTURBIOS HIDROELETROLITICOS ,0.0
114,COMORBIDADES_AVC HÁ 03 ANOS,0.0
963,prontuario_BOA EVOLUÇÃO PÓS-OPERATÓRIA APESAR DE TER LUXADO E TER SIDO REOPRADA NO DIA SEGUINTE ,0.0
630,COMORBIDADES_SEQUELA PARALISIA INFANTIL,0.0
961,prontuario_BOA EVOLUÇÃO NO PÓS-OPERATÓRIO NO AMBULATÓRIO / EVOLUIU COM DOR QUADRIL DIREITO EM OUTUBRO DE 2021 SOLICITADO ELETRONEUROMIOGRAFIA ,0.0
922,"prontuario_ATROPELAMENTO, FOI OS MAS SEM DIAGNOSTICO FX ESTAVA SEM DEAMBULAR ",0.0
105,COMORBIDADES_ARRTMIA/ICC/NEO PROSTATA/NEO LINGUA,0.0
37,LOGARITMO_TEMPO ATÉ CIRURGIA_4-5,0.0
957,prontuario_BOA EVOLUÇÃO AMBULATRIAL,0.0
956,prontuario_BOA EVOLUÇÃO AMBULATORIO FEZ DOPLER AMBULATORIAL QUE NÃO CONSTATOU TVP,0.0
955,prontuario_BOA EVOLUÇÃO AMBULATORIAL/ UMA SUSPRNSÃO DEVIDO URGENCIA,0.0
636,COMORBIDADES_TABAGISMO/ETILISMO,0.0
951,"prontuario_BOA EVOLUÇÃO AMBULATORIAL, OPEROU O FEMUR PRIMEIRO E LOGO NA SEUQENCIA O CALCANEO ",0.0
926,prontuario_BCP PALIOU,0.0
639,COMORBIDADES_TABAGISTA,0.0
928,prontuario_BO A EVOLUÇÃO AMBULATORIAL,0.0
644,COMORBIDADES_TU PROSTATA(RADIO+QUIMIO 2019 HAS DM GLAUCOMA AMMAUROSE,0.0
645,COMORBIDADES_TUMOR ÓRBITA,0.0
655,MÊS_AGOSTO ,0.0
943,prontuario_BOA EVOLUÇÃO AMB OK ,0.0
941,"prontuario_BOA EVOLUÇÃO , INTERNOU DEPOIS POR OUTROS MOTIVOS EVOLUINDO A ÓBITO",0.0
651,COMORBIDADES_has/dpoc/hipotireoidismo,0.0
939,prontuario_BOA EVOLUÇÃO ,0.0
964,"prontuario_BOA EVOLUÇÃO PÓS-OPERATÓRIA, POSTERIORMENTE REINTERNOU COM PÉ DIABÉTICO QUE REQUEREU AMPUTAÇÃO DO MEMBRO BOA EVOLUÇÃO DA PRÓTESE",0.0
625,COMORBIDADES_SEM COMORBIDADES,0.0
994,prontuario_CIR SUSPENSA 26/01 DEVIDO PA 220X100/ OPEROU DIA 31 EVOLUIU COM REBAIXAMENTO E AGUDIZAÇÃO DE IRC SENDO PALIADO EM CONSENSO COM A FAMILIA ,0.0
967,prontuario_BOA EVOLUÇÃO RETORNO AMB OK ,0.0
993,prontuario_CINSO SUSPENSÕES POR FALTA DE CONDIÇÃO CLÍNICA,0.0
913,prontuario_ALTA SOCIAL ,0.0
591,COMORBIDADES_IRC/DEMENCIA,0.0
914,prontuario_ALZHEIMER AVANÇADO TOTALMENTE DEPENDENTE,0.0
87,COMORBIDADES_ALZHEIMER/HAS/COLOSTOMIA,0.0
988,prontuario_CHEGOU E JÁ FEZ NA INTERNAÇÃO CISTOSCTOMIA BEIRA LEITO EVOLUIU BCP E ITU,0.0
602,COMORBIDADES_NEO PROSTATA/DEMENCIA,0.0
984,prontuario_CHEGARAM A PEDIR US RENAL MAS NÃO FOI FEITO,0.0
983,prontuario_CASO VEIO PARA NEUROCIRURGIAORTOPEDIA ASSUMIU NO DIA SEGUINTE ,0.0
604,COMORBIDADES_NEO PULMÃO AVANÇADO,0.0
605,COMORBIDADES_NÃO,0.0
607,COMORBIDADES_OBESIDADE / HAS,0.0
608,COMORBIDADES_OLIGOFRENICO,0.0
94,COMORBIDADES_ALZHEIMER/INSTITUCIONALIZADA,0.0
614,COMORBIDADES_PARKINSON/DEMENCIA,0.0
618,COMORBIDADES_PARKINSON/DPOC/ALZHEIMER,0.0
620,COMORBIDADES_PARKINSON/HAS/ESQUIZOFRENIA,0.0
100,COMORBIDADES_AR/DM/HAS,0.0
970,prontuario_BOA EVOLUÇÃO RETORNO AMBULATÓRIO OK ,0.0
621,COMORBIDADES_PARKINSON/HAS/HIPÓTIREOIDISMO,0.0
622,COMORBIDADES_PARKINSON/INSTITUCIONALIZADO,0.0
888,prontuario_02 SUSP ESCARA SACRAL INFECATADA E ANEMIA EVOLIU COM INFECÇÃ NECESSITANDO LIMPEZA E RETIRADA DE PROTESE EVOLUIU CHOQUE SEPTICO E OBITO,0.0
524,COMORBIDADES_HAS/PARKINSON/DEMENCIA,0.0
420,COMORBIDADES_HAS/DM/HIPOTIREOIDISMP,0.0
443,COMORBIDADES_HAS/DM/OBESIDADE/IAM PREGRESSO 03 EPISÓDIOS/ DUSLIPIDEMIA,0.0
866,prontuario_01 SUSPENSÃO DEVIDO PROVA SANGUINEA CRUZADA ,0.0
1146,prontuario_INSTITUCIONALIZADO HÁ 01 ANO ACAMADO ALZHEIMER AVANÇADO,0.0
446,COMORBIDADES_HAS/DM/SEQUELA 03 AVCI,0.0
1143,prontuario_INFECÇÃO FO ESTAVA PROGRAMANDO RETIRAR PRÓTESE EVOLUI SEPSE FOCOS CUTANEO PULMONAR E URINARIO,0.0
449,COMORBIDADES_HAS/DM/SURDEZ,0.0
1141,"prontuario_INFECTOU, RETIROU PROTESE 01/06 E RECOLOCOU DIA 24 EVOLUINDO A OBITO",0.0
1140,"prontuario_ICC GRAVE DUAS SUSPENSÓES, HIPOCALEMIA DE 2,1 E EVACUAÇÃO EM SALA FEZ BCP. POREM EVOLUIU COM DESSATURAÇÃO SUBITA , TEP? ",0.0
451,COMORBIDADES_HAS/DM/TABAGISMO PREGRESSO,0.0
762,prontuario_01 SUSP 07/02 POR ITU,0.0
869,prontuario_01 SUSPENSÃO EVACUAÇÃO SALA BOA EVOLUÇÃO AMBULATORIAL,0.0
1136,"prontuario_HDA/SEPSE/RETIROU PTQ 29/06/2020 POR INFECÇÃO SITIO CIRURGICO, EVOLUIU PIORA PROGRESSIVA FUNÇÃO RENAL",0.0
457,COMORBIDADES_HAS/DPOC/OSTEOPOROSE,0.0
459,COMORBIDADES_HAS/DRC,0.0
870,prontuario_01 SUSPENSÃO FALTA DE ACOMPANHANTE,0.0
464,COMORBIDADES_HAS/ESQUIZOFRENIA,0.0
1129,"prontuario_FX EM JANEIRO, VEIO UPA SÃO CAETANO! RETORNO AMBULATORIAL OK",0.0
468,COMORBIDADES_HAS/GLAUCOMA,0.0
1127,"prontuario_FX ACETABULO, FOI TRANSFERIDO PARA MARIO COVAS DEVIDO FX ACETABULO E SINUHE ESTAR SOZINHO",0.0
872,prontuario_01 SUSPENSÃO FALTA UTI,0.0
1125,prontuario_FICOU INTERNADA ATÉ DIA 29/03 DEVIDO LEUCOCITOSE SEM MAIORES COMPLICAÇÕES,0.0
1124,prontuario_FICOU EM OBSERVAÇÃO CIR GERAL DEVIDO HDB,0.0
1148,prontuario_IRA/SEPSE/OBITO,0.0
441,COMORBIDADES_HAS/DM/OBESIDADE,0.0
1122,prontuario_FICOU 30 DIAS UTI REVERTEU CHOQUE OBTEVE ALTA HOSPITALAR ,0.0
1152,prontuario_MORTE SUBITA NA SEMI PROVÁVEL TEP,0.0
1178,prontuario_OBSTIPAÇÃO POS OPERATORIO,0.0
421,COMORBIDADES_HAS/DM/HIPOTIROIDISMO,0.0
1176,prontuario_OBITO SEPSE IRA HDA,0.0
1175,prontuario_NÃO RETRONOU AINDA AMBULATORIO ,0.0
1174,prontuario_NÃO RETORNOU AO AMBULATÓRIO,0.0
1171,prontuario_NÃO RETORNOU AMBULATÓRIO TENTADO CONTATO NO 989500511 SEM SUCESSO,0.0
425,COMORBIDADES_HAS/DM/IAM PREGRESSO,0.0
1168,prontuario_NÃO FEZ PROFILAXIA ÓBITO POTENCIALMENTE EVITÁVEL,0.0
430,COMORBIDADES_HAS/DM/ICC/FA/HIPOTREOIDISMO,0.0
431,COMORBIDADES_HAS/DM/ICC/HIPOTREIDISMO,0.0
432,COMORBIDADES_HAS/DM/ICC/TVP,0.0
433,COMORBIDADES_HAS/DM/ICO/NEO MAMA,0.0
1163,prontuario_NEURO AVALIOU TCE BOA EVOLIÇÃO,0.0
1160,prontuario_NEFROLOGIA CONTRAINDICOU CIRURGIA NO PRAZO APÓS ESTABILIZAR PARTE RENAL OPEROU,0.0
437,COMORBIDADES_HAS/DM/IRC/ARRTMIA,0.0
937,prontuario_BOA EVOLUÇ]ÃO AMBULATORIAL,0.0
765,prontuario_01 SUSP 11/08 CAIXA MOLHADA,0.0
1156,prontuario_NECESSITOU CORREÇÃO K CM NÃO LIBEROU PARA OPERAR,0.0
1155,prontuario_NECESSITOU AVALIAÇÃO NEUROCIR DEVIDO TCE CONCOMITANTE TT/O CONSERVADOR,0.0
1154,prontuario_NA CHEGADA FEZ HIPOTENSÃO COM DESSATURAÇÃO E SUSPEITA TEP,0.0
439,COMORBIDADES_HAS/DM/LES/DIVERTICULITE,0.0
470,COMORBIDADES_HAS/HIPOACUSIA,0.0
756,prontuario_01 SUSP 01/06 IRA CLINICO SO IIBEROU DIA 03,0.0
1061,prontuario_EVOLUIU REBAIXAMENTO NIVEL CONSCIENCIA BCP ITU PALIOU,0.0
1091,prontuario_FEZ FARMACODERMIA 01 SUSP 06/05,0.0
1089,prontuario_FEZ DSPNEIA SÚBITA EVOLUINDO A ÓBITO - TEP,0.0
46,CIRURGIA_FX FEMUR D/PTQ D,0.0
507,COMORBIDADES_HAS/Ico/AVC,0.0
508,COMORBIDADES_HAS/LABIRINTITE/DEPRESSAO,0.0
1084,prontuario_FEZ DELIRIUM ANEMIA E DESCOMPENSAÇÃO CARDIACA PULMONAR E RENAL,0.0
511,COMORBIDADES_HAS/MARCAPASSO,0.0
884,"prontuario_01 SUSPENSÃO, ANESTESISTA PEDIU ECO SEM INDICAÇÃO PELO PROTOCOLO, OUTRA SUSPENSÃO POR AVANÇO DE HORÁRIO",0.0
512,COMORBIDADES_HAS/MENIGIOMA + DVP/DEPRESSÃO,0.0
1079,prontuario_FEZ BCP SOLICITADO TC TORAX,0.0
1078,"prontuario_FEZ BCP NECESSITANDO USO VANCO+MERONEM EVOLUIU COM ESCARA SACRAL QUE NECESSITOU DEBRIDAMENTO, IRA SEPSE ",0.0
1077,prontuario_FEZ AVCI POS OPERATORIO ACABOU PALIANDO,0.0
514,COMORBIDADES_HAS/NEO BEXIGA/ DM/ ALZHEIMER,0.0
517,COMORBIDADES_HAS/NEO TIREOIDE,0.0
1069,"prontuario_FAMILIA NÃO QUIS LEVAR PARA CASA, ALEGOU QUE QUERIA GASTROSTOMIA MESMO COM CONTRA-INDICAÇÃO DA FONO FOI DE ALTA COM GASTROSTOMIA, NÃO RETORNOU AMBULATÓRIO",0.0
1068,prontuario_FALENCIA MULTIPLA DE ORGAOS / PALIOU,0.0
1067,prontuario_FALENCIA MULPITPLA DE ORGAOS,0.0
1066,prontuario_FA ALTA FRAQUENCIA SEPSE PULMONAR ,0.0
1065,prontuario_F,0.0
521,COMORBIDADES_HAS/PARALISA INFANTL/AVCH,0.0
523,COMORBIDADES_HAS/PARKINSON,0.0
1062,prontuario_EVOLUIU SEPSE FOCO URINARIO ARRTMIA E ÓBITO,0.0
505,COMORBIDADES_HAS/IRC/ANEMIA/RECIDIVA MENINGEOMA CEREBRAL,0.0
1092,prontuario_FEZ HDA NA INTERNAÇÃO ESOFAGITE EROSIVA NA EDA ,0.0
875,prontuario_01 SUSPENSÃO POR FALHA NA INTERNAÇÃO,0.0
1093,"prontuario_FEZ INSTABILIDADE AGUDA NA UTI, IAM? TEP? TEVE DUAS SUSPENSÕES UMA POR EVACUAR NA SALA OUTRA POR HAS",0.0
1118,prontuario_FEZ USO DE MEROPENEM PARA TRATAMENTO ITU,0.0
474,COMORBIDADES_HAS/HIPOTIREOIDISMO/DEMENCIA,0.0
478,COMORBIDADES_HAS/HPB/PARKINSON,0.0
755,"prontuario_01 SUSP  CREAT 3,3  01 SUSP DIARREIA POS RAQUI  01 SUSP AVANÇO HORARIO",0.0
1113,prontuario_FEZ TT/O BCP,0.0
487,COMORBIDADES_HAS/IAM/REVASC/OBESIDADE,0.0
1109,prontuario_FEZ TAQUI SYPRA SENDO REANIMADA COM SUCESSO EVOLUIU COM CHOQUE DEPOIS ,0.0
491,COMORBIDADES_HAS/ICC/ARRITMIA/AR/DM,0.0
754,prontuario_01 SUSP  30/06 ITU RETORNO AMBULATORIAL OK,0.0
1106,prontuario_FEZ PLAQUETOPENIA PALIOU,0.0
749,INFECÇÃO FO_sim,0.0
493,COMORBIDADES_HAS/ICC/DEMENCIA,0.0
495,COMORBIDADES_HAS/ICC/HPB,0.0
1102,prontuario_FEZ ITU BOA EVOLUÇÃO POS OPERATORIA,0.0
1101,prontuario_FEZ ITU + SINDROME DEMENCIAL EVOLUINDO COM ARRITIMIA E PALIAÇÃO ,0.0
496,COMORBIDADES_HAS/ICC/IRC,0.0
819,prontuario_01 SUSP FALTA COMPRESSA OYTRA SUSP SEM NADA ESCRITO PRONTUARIO,0.0
879,prontuario_01 SUSPENSÃO POR PIURIA ITU ,0.0
882,prontuario_01 SUSPENSÃO POR PÍÚRIA,0.0
1095,prontuario_FEZ IRA + CRISE CONVULSIVA QUE FICOU COMO ISQUEMIA TRANSITORIA AIT,0.0
504,COMORBIDADES_HAS/IRC NÃO DIALITICA,0.0
818,prontuario_01 SUSP FA ALTA FREQUENCIA 20/10 fez pneumoperitoneo no pos operatorio cirurgia indicou laparotomia mas não houve tempo hábil,0.0
